rank,ticker,crossings,hits,hit_rate,avg_return_30d,avg_return_60d,avg_return_90d,market_cap,sector,in_preferred,hr_pre-covi,hr_covid+re,hr_ai_cycle
1,AAMI,3,3,1.0,0.1213,0.3196,0.4162,1851517872,INVESTMENT ADVICE,False,,,1.0
2,AAOI,8,8,1.0,0.2523,0.3929,0.4432,3035723820,SEMICONDUCTORS & RELATED DEVICES,False,,,1.0
3,AAON,6,6,1.0,0.1447,0.2236,0.2573,8248305220,AIR-COND & WARM AIR HEATG EQUIP & COMM & INDL REFRIG EQUIP,False,,,1.0
4,ABVX,6,6,1.0,2.9165,4.8539,6.9389,9883287773,,False,,,1.0
5,ACAD,3,3,1.0,0.175,0.1959,0.2273,3727075428,PHARMACEUTICAL PREPARATIONS,False,,,1.0
6,ACLS,4,4,1.0,0.0997,0.2046,0.246,2902609454,"SPECIAL INDUSTRY MACHINERY, NEC",False,,,1.0
7,ACMR,4,4,1.0,0.2414,0.35,0.4235,4206589082,"SPECIAL INDUSTRY MACHINERY, NEC",False,,,1.0
8,ADPT,7,7,1.0,0.1252,0.2366,0.3378,2466621864,"BIOLOGICAL PRODUCTS, (NO DIAGNOSTIC SUBSTANCES)",False,,,1.0
9,AEM,5,5,1.0,0.0936,0.2035,0.2752,108738264863,,False,,,1.0
10,AEO,4,4,1.0,0.2818,0.4759,0.5303,4319165912,RETAIL-FAMILY CLOTHING STORES,False,,,1.0
11,AFRM,4,4,1.0,0.1598,0.3027,0.3665,16592241526,PERSONAL CREDIT INSTITUTIONS,False,,,1.0
12,AG,4,4,1.0,0.2236,0.3617,0.433,11251062051,,False,,,1.0
13,AGI,3,3,1.0,0.079,0.1317,0.2367,18997497640,,False,,,1.0
14,AGX,6,6,1.0,0.1669,0.3201,0.4486,5687404429,CONSTRUCTION - SPECIAL TRADE CONTRACTORS,False,,,1.0
15,AHR,7,7,1.0,0.0665,0.106,0.1674,9228924518,REAL ESTATE INVESTMENT TRUSTS,False,,,1.0
16,ALAB,3,3,1.0,0.4431,0.6149,0.7889,22012139527,Semiconductors,False,,,1.0
17,ALB,5,5,1.0,0.178,0.3559,0.5309,19603885047,Materials,False,,,1.0
18,ALGM,3,3,1.0,0.1489,0.2338,0.2338,7852627070,SEMICONDUCTORS & RELATED DEVICES,False,,,1.0
19,ALHC,3,3,1.0,0.1464,0.222,0.2676,4039852270,HOSPITAL & MEDICAL SERVICE PLANS,False,,,1.0
20,ALNT,4,4,1.0,0.1143,0.2038,0.3094,1129453510,INSTRUMENTS FOR MEAS & TESTING OF ELECTRICITY & ELEC SIGNALS,False,,,1.0
21,ALNY,3,3,1.0,0.1146,0.1579,0.3232,41696716473,Biotechnology,False,,,1.0
22,AMD,4,4,1.0,0.0961,0.2284,0.3157,338016775970,Semiconductors,False,,,1.0
23,AMKR,6,6,1.0,0.1354,0.3178,0.5518,11742234311,SEMICONDUCTORS & RELATED DEVICES,False,,,1.0
24,AMLX,5,5,1.0,0.3225,0.5146,0.8786,1550652314,PHARMACEUTICAL PREPARATIONS,False,,,1.0
25,AMR,5,5,1.0,0.175,0.207,0.292,2385420612,BITUMINOUS COAL & LIGNITE SURFACE MINING,False,,,1.0
26,AMRC,7,7,1.0,0.2006,0.4979,0.9698,1725420862,CONSTRUCTION - SPECIAL TRADE CONTRACTORS,False,,,1.0
27,AMTM,3,3,1.0,0.193,0.2273,0.2853,7561990456,"SERVICES-BUSINESS SERVICES, NEC",False,,,1.0
28,ANAB,7,7,1.0,0.2266,0.3784,0.5427,1469703987,PHARMACEUTICAL PREPARATIONS,False,,,1.0
29,ENLT,7,7,1.0,0.1086,0.2458,0.4016,8580458956,,False,,,1.0
30,APH,9,9,1.0,0.0689,0.1845,0.2704,180350414529,Technology,False,,,1.0
31,ARMN,7,7,1.0,0.1236,0.3522,0.5428,3986467643,,False,,,1.0
32,ARQT,8,8,1.0,0.1524,0.3134,0.5344,3167648085,PHARMACEUTICAL PREPARATIONS,False,,,1.0
33,ARRY,3,3,1.0,0.2955,0.3228,0.3228,1704665079,MISCELLANEOUS MANUFACTURING INDUSTRIES,False,,,1.0
34,ARWR,3,3,1.0,0.2255,0.5418,0.8199,8936854365,PHARMACEUTICAL PREPARATIONS,False,,,1.0
35,ASM,5,5,1.0,0.1903,0.4738,0.6733,1535546061,,False,,,1.0
36,ASTE,3,3,1.0,0.0958,0.1227,0.1688,1355851096,CONSTRUCTION MACHINERY & EQUIP,False,,,1.0
37,ASTS,5,5,1.0,0.4329,0.8899,1.0461,23284971601,"COMMUNICATIONS SERVICES, NEC",False,,,1.0
38,ATRO,3,3,1.0,0.1636,0.31,0.3806,2741304569,"AIRCRAFT PARTS & AUXILIARY EQUIPMENT, NEC",False,,,1.0
39,AU,5,5,1.0,0.2071,0.3318,0.4566,55446830360,,False,,,1.0
40,AVAV,3,3,1.0,0.3961,0.4617,0.6757,12175423867,Aerospace & Defense,False,,,1.0
41,AVGO,3,3,1.0,0.1297,0.2378,0.3155,1541720001220,Semiconductors,False,,,1.0
42,AXTI,4,4,1.0,0.5126,0.9634,2.0765,1339845614,SEMICONDUCTORS & RELATED DEVICES,False,,,1.0
43,AZTA,3,3,1.0,0.1078,0.1444,0.1678,1318280959,"SPECIAL INDUSTRY MACHINERY, NEC",False,,,1.0
44,BAP,4,4,1.0,0.0609,0.1303,0.182,26175805009,,False,,,1.0
45,BBAI,6,6,1.0,0.5173,0.824,0.9554,1868203003,SERVICES-PREPACKAGED SOFTWARE,False,,,1.0
46,BBIO,10,10,1.0,0.0927,0.1727,0.3347,14419930847,PHARMACEUTICAL PREPARATIONS,False,,,1.0
47,BC,5,5,1.0,0.0546,0.1479,0.2183,5660784793,ENGINES & TURBINES,False,,,1.0
48,BCO,3,3,1.0,0.0765,0.1592,0.1752,5429582179,ARRANGEMENT OF TRANSPORTATION OF FREIGHT & CARGO,False,,,1.0
49,BELFA,5,5,1.0,0.0461,0.195,0.3134,2725312791,"ELECTRONIC COILS, TRANSFORMERS & OTHER INDUCTORS",False,,,1.0
50,BH,4,4,1.0,0.1109,0.1991,0.246,1231099380,RETAIL-EATING PLACES,False,,,1.0
51,BH.A,8,8,1.0,0.0698,0.1534,0.2476,1254402609,RETAIL-EATING PLACES,False,,,1.0
52,BITF,4,4,1.0,0.8074,1.7563,2.3012,1279556260,,False,,,1.0
53,BKD,9,9,1.0,0.0893,0.1641,0.268,3924168139,SERVICES-NURSING & PERSONAL CARE FACILITIES,False,,,1.0
54,BKH,4,4,1.0,0.0983,0.1234,0.1541,5588912346,ELECTRIC SERVICES,False,,,1.0
55,BLTE,4,4,1.0,0.1359,0.2477,0.6006,6574814053,,False,,,1.0
56,BNS,3,3,1.0,0.0471,0.069,0.1456,93588344366,STATE COMMERCIAL BANKS,False,,,1.0
57,BORR,4,4,1.0,0.2244,0.3507,0.4455,1730762580,,False,,,1.0
58,BTDR,4,4,1.0,0.4427,0.4751,0.638,2342648740,,False,,,1.0
59,BTI,5,5,1.0,0.0689,0.1339,0.1888,129039483195,,False,,,1.0
60,BTSG,5,5,1.0,0.2208,0.2845,0.3494,7008490261,SERVICES-HOME HEALTH CARE SERVICES,False,,,1.0
61,BTU,3,3,1.0,0.3321,0.3502,0.6982,4189120000,BITUMINOUS COAL & LIGNITE SURFACE MINING,False,,,1.0
62,BVN,5,5,1.0,0.105,0.2236,0.3326,9641341471,,False,,,1.0
63,BW,3,3,1.0,1.3154,1.5648,2.028,1083225975,"HEATING EQUIPMENT, EXCEPT ELECTRIC & WARM AIR FURNACES",False,,,1.0
64,BWA,3,3,1.0,0.072,0.1115,0.1599,13002662630,MOTOR VEHICLE PARTS & ACCESSORIES,False,,,1.0
65,BWXT,4,4,1.0,0.0917,0.1666,0.3036,18321919497,ENGINES & TURBINES,False,,,1.0
66,BZ,4,4,1.0,0.1042,0.1504,0.2541,8057645421,,False,,,1.0
67,C,4,4,1.0,0.0603,0.102,0.2213,193727850000,Financials,False,,,1.0
68,CAMT,3,3,1.0,0.1659,0.2843,0.3413,7414133634,,False,,,1.0
69,CAT,3,3,1.0,0.1047,0.1828,0.269,362309803223,Industrials,False,,,1.0
70,CCJ,3,3,1.0,0.0882,0.1849,0.3141,49171673216,Nuclear,True,,,1.0
71,CCO,3,3,1.0,0.1097,0.2532,0.3567,1191386398,SERVICES-ADVERTISING,False,,,1.0
72,CDE,3,3,1.0,0.1765,0.3958,0.67,14396029702,GOLD AND SILVER ORES,False,,,1.0
73,CDNA,3,3,1.0,0.1657,0.2244,0.3038,1009622703,SERVICES-MEDICAL LABORATORIES,False,,,1.0
74,ENVX,5,5,1.0,0.4944,0.8326,0.9238,1277630743,"MISCELLANEOUS ELECTRICAL MACHINERY, EQUIPMENT & SUPPLIES",False,,,1.0
75,CECO,7,7,1.0,0.189,0.3212,0.493,2820631193,INDUSTRIAL & COMMERCIAL FANS & BLOWERS & AIR PURIFYING EQUIP,False,,,1.0
76,CELC,5,5,1.0,0.6005,1.4021,1.6742,4835809278,SERVICES-MEDICAL LABORATORIES,False,,,1.0
77,CGNX,3,3,1.0,0.1363,0.1865,0.2951,9741968616,"INDUSTRIAL INSTRUMENTS FOR MEASUREMENT, DISPLAY, AND CONTROL",False,,,1.0
78,CIEN,5,5,1.0,0.1224,0.4033,0.6394,42993573547,TELEPHONE & TELEGRAPH APPARATUS,False,,,1.0
79,CLF,6,6,1.0,0.2349,0.3392,0.4573,5920653379,METAL MINING,False,,,1.0
80,CLS,4,4,1.0,0.1661,0.3548,0.4268,32247834000,PRINTED CIRCUIT BOARDS,False,,,1.0
81,CLSK,5,5,1.0,0.2973,0.4056,0.5084,2519166193,FINANCE SERVICES,False,,,1.0
82,CM,3,3,1.0,0.0576,0.1164,0.1774,88787827500,,False,,,1.0
83,CMI,3,3,1.0,0.0744,0.1708,0.2344,83038824917,Industrials,False,,,1.0
84,CYD,3,3,1.0,0.2412,0.4318,0.6379,2011357242,,False,,,1.0
85,DAN,4,4,1.0,0.099,0.1587,0.2672,3749697000,MOTOR VEHICLE PARTS & ACCESSORIES,False,,,1.0
86,CNTA,3,3,1.0,0.1675,0.1945,0.4227,3652630445,PHARMACEUTICAL PREPARATIONS,False,,,1.0
87,COCO,4,4,1.0,0.0943,0.1197,0.2279,3222132437,BEVERAGES,False,,,1.0
88,COGT,6,6,1.0,0.3242,0.9792,1.4647,5607558179,PHARMACEUTICAL PREPARATIONS,False,,,1.0
89,COHR,7,7,1.0,0.2466,0.4495,0.5556,40726682709,OPTICAL INSTRUMENTS & LENSES,False,,,1.0
90,COR,3,3,1.0,0.1247,0.1542,0.1542,70192505986,Health Care,False,,,1.0
91,CORZ,3,3,1.0,0.2748,0.6166,0.6854,5531493592,FINANCE SERVICES,False,,,1.0
92,CRI,4,4,1.0,0.0577,0.0854,0.1876,1459737113,APPAREL & OTHER FINISHD PRODS OF FABRICS & SIMILAR MATL,False,,,1.0
93,CRML,5,5,1.0,1.6874,1.8629,3.2135,1089437616,,False,,,1.0
94,CRVS,7,7,1.0,0.1598,0.2399,0.9841,1563104349,PHARMACEUTICAL PREPARATIONS,False,,,1.0
95,CVI,3,3,1.0,0.1521,0.2981,0.4194,2329293978,PETROLEUM REFINING,False,,,1.0
96,CVNA,3,3,1.0,0.3702,0.5444,0.589,48489770183,RETAIL-AUTO DEALERS & GASOLINE STATIONS,False,,,1.0
97,CW,5,5,1.0,0.108,0.1298,0.1899,25226869816,Aerospace & Defense,False,,,1.0
98,CWK,3,3,1.0,0.113,0.2748,0.3782,2985382623,REAL ESTATE,False,,,1.0
99,CX,5,5,1.0,0.0752,0.1506,0.2485,18236968597,,False,,,1.0
100,DDS,7,7,1.0,0.1639,0.2433,0.3125,10065835309,RETAIL-DEPARTMENT STORES,False,,,1.0
101,DINO,3,3,1.0,0.0922,0.1729,0.2493,10766490077,PIPE LINES (NO NATURAL GAS),False,,,1.0
102,DK,5,5,1.0,0.274,0.3638,0.5019,2069376516,PETROLEUM REFINING,False,,,1.0
103,DQ,4,4,1.0,0.3237,0.3648,0.5143,1668371069,,False,,,1.0
104,DYN,5,5,1.0,0.2591,0.4176,0.618,2558695747,PHARMACEUTICAL PREPARATIONS,False,,,1.0
105,ECG,5,5,1.0,0.1582,0.2276,0.3368,5363851427,OPERATIVE BUILDERS,False,,,1.0
106,EGO,5,5,1.0,0.1154,0.2098,0.3054,9523465790,,False,,,1.0
107,ELAN,6,6,1.0,0.1081,0.161,0.23,12486179076,PHARMACEUTICAL PREPARATIONS,False,,,1.0
108,EL,4,4,1.0,0.1426,0.2972,0.3319,39153335134,Consumer Staples,False,,,1.0
109,FN,6,6,1.0,0.1073,0.2045,0.301,17753632279,TELEPHONE & TELEGRAPH APPARATUS,False,,,1.0
110,FOLD,4,4,1.0,0.1347,0.338,0.4018,4489103953,PHARMACEUTICAL PREPARATIONS,False,,,1.0
111,ETSY,4,4,1.0,0.1155,0.1367,0.1855,4513825745,"SERVICES-BUSINESS SERVICES, NEC",False,,,1.0
112,EXAS,4,4,1.0,0.148,0.3504,0.501,19607018691,SERVICES-MEDICAL LABORATORIES,False,,,1.0
113,EXPE,3,3,1.0,0.0729,0.1507,0.216,26059491440,Consumer Discretionary,False,,,1.0
114,EXTR,3,3,1.0,0.1148,0.2109,0.2555,1941537548,COMPUTER COMMUNICATIONS EQUIPMENT,False,,,1.0
115,EYPT,4,4,1.0,0.1536,0.2434,0.3995,1071266626,LABORATORY ANALYTICAL INSTRUMENTS,False,,,1.0
116,NIO,5,5,1.0,0.1181,0.2115,0.3497,12469917180,,False,,,1.0
117,FIGS,6,6,1.0,0.1139,0.2316,0.3737,1686111664,APPAREL & OTHER FINISHD PRODS OF FABRICS & SIMILAR MATL,False,,,1.0
118,FIVE,3,3,1.0,0.2237,0.283,0.3434,11358498514,RETAIL-VARIETY STORES,False,,,1.0
119,FIX,8,8,1.0,0.156,0.3152,0.4305,47192105502,ELECTRICAL WORK,False,,,1.0
120,FLNC,3,3,1.0,0.5941,0.7948,1.0054,2444769999,"MISCELLANEOUS ELECTRICAL MACHINERY, EQUIPMENT & SUPPLIES",False,,,1.0
121,GS,3,3,1.0,0.0487,0.1274,0.1914,271477292446,Financials,False,,,1.0
122,GTX,5,5,1.0,0.0907,0.1537,0.2381,4132753507,MOTOR VEHICLE PARTS & ACCESSORIES,False,,,1.0
123,FRO,4,4,1.0,0.0997,0.1493,0.2226,6883499727,,False,,,1.0
124,FTAI,4,4,1.0,0.0685,0.1908,0.3089,28705033061,SERVICES-MISCELLANEOUS EQUIPMENT RENTAL & LEASING,False,,,1.0
125,FTDR,3,3,1.0,0.2419,0.3167,0.3363,4084491591,SERVICES-TO DWELLINGS & OTHER BUILDINGS,False,,,1.0
126,FTI,5,5,1.0,0.0683,0.1072,0.226,24821352476,OIL & GAS FIELD MACHINERY & EQUIPMENT,False,,,1.0
127,GAP,5,5,1.0,0.1149,0.1799,0.2566,10291074545,RETAIL-FAMILY CLOTHING STORES,False,,,1.0
128,GCT,6,6,1.0,0.1873,0.345,0.4732,1305509091,RETAIL-CATALOG & MAIL-ORDER HOUSES,False,,,1.0
129,GDS,3,3,1.0,0.1663,0.2209,0.3161,9241415511,,False,,,1.0
130,GEV,4,4,1.0,0.3065,0.4247,0.5476,216197668958,Industrials,False,,,1.0
131,GLXY,3,3,1.0,0.3411,0.3476,0.5249,4173788450,"SECURITY BROKERS, DEALERS & FLOTATION COMPANIES",False,,,1.0
132,GM,5,5,1.0,0.0717,0.1745,0.2344,73293713521,Consumer Discretionary,False,,,1.0
133,GNW,3,3,1.0,0.042,0.0887,0.1225,3562474657,LIFE INSURANCE,False,,,1.0
134,GOOG,3,3,1.0,0.1256,0.2514,0.3305,3701923940000,Communication Services,False,,,1.0
135,GOOGL,3,3,1.0,0.1264,0.2536,0.333,3698294840000,Communication Services,False,,,1.0
136,GPCR,4,4,1.0,0.2788,0.671,1.2715,4949687202,PHARMACEUTICAL PREPARATIONS,False,,,1.0
137,NMM,5,5,1.0,0.0862,0.0996,0.1855,1788000796,,False,,,1.0
138,HBM,4,4,1.0,0.1557,0.3159,0.3682,10339479477,,False,,,1.0
139,HCC,5,5,1.0,0.0896,0.1671,0.2942,4535753059,BITUMINOUS COAL & LIGNITE MINING,False,,,1.0
140,HII,5,5,1.0,0.0532,0.1061,0.2065,16434052880,Aerospace & Defense,False,,,1.0
141,HLIO,5,5,1.0,0.1576,0.2941,0.4142,2506170571,MISCELLANEOUS FABRICATED METAL PRODUCTS,False,,,1.0
142,HPE,3,3,1.0,0.0674,0.1789,0.2115,30150663594,Technology,False,,,1.0
143,HROW,9,9,1.0,0.1254,0.2383,0.3139,1766316133,PHARMACEUTICAL PREPARATIONS,False,,,1.0
144,HSBC,3,3,1.0,0.0346,0.0783,0.1719,292335854913,,False,,,1.0
145,HTHT,3,3,1.0,0.0524,0.1272,0.2157,16161806186,,False,,,1.0
146,HUT,3,3,1.0,0.3576,0.732,0.9769,5819933365,FINANCE SERVICES,False,,,1.0
147,HWKN,3,3,1.0,0.1457,0.2744,0.3441,3064455854,WHOLESALE-CHEMICALS & ALLIED PRODUCTS,False,,,1.0
148,HYMC,6,6,1.0,0.2727,0.5625,0.8833,2951552401,GOLD AND SILVER ORES,False,,,1.0
149,IAG,3,3,1.0,0.2553,0.3769,0.5168,12827151947,,False,,,1.0
150,IAUX,5,5,1.0,0.1374,0.3111,0.3848,1602987025,GOLD AND SILVER ORES,False,,,1.0
151,KGC,5,5,1.0,0.1306,0.275,0.3821,41524240000,,False,,,1.0
152,IDCC,3,3,1.0,0.0878,0.2933,0.4555,9632794117,PATENT OWNERS & LESSORS,False,,,1.0
153,IDYA,8,8,1.0,0.1152,0.2057,0.2841,2653662170,PHARMACEUTICAL PREPARATIONS,False,,,1.0
154,IE,4,4,1.0,0.2671,0.4345,0.5689,2285046328,METAL MINING,False,,,1.0
155,IESC,8,8,1.0,0.2236,0.3169,0.4228,10325891961,ELECTRICAL WORK,False,,,1.0
156,IFS,3,3,1.0,0.0561,0.0761,0.1109,5276428487,,False,,,1.0
157,IHS,6,6,1.0,0.1961,0.2459,0.2961,2781470930,,False,,,1.0
158,IMNM,4,4,1.0,0.157,0.2714,0.5408,2445029738,PHARMACEUTICAL PREPARATIONS,False,,,1.0
159,INDV,4,4,1.0,0.0644,0.2504,0.5084,4323344789,PHARMACEUTICAL PREPARATIONS,False,,,1.0
160,INSW,6,6,1.0,0.0626,0.1009,0.1913,3158780257,WATER TRANSPORTATION,False,,,1.0
161,IONQ,4,4,1.0,0.1854,0.4755,0.7616,12257794363,SERVICES-COMPUTER INTEGRATED SYSTEMS DESIGN,False,,,1.0
162,IONS,8,8,1.0,0.1178,0.1655,0.34,13055136075,PHARMACEUTICAL PREPARATIONS,False,,,1.0
163,IOVA,3,3,1.0,0.2362,0.5273,0.5411,1020207682,"BIOLOGICAL PRODUCTS, (NO DIAGNOSTIC SUBSTANCES)",False,,,1.0
164,IQV,4,4,1.0,0.0629,0.1387,0.1918,28313024000,Health Care,False,,,1.0
165,IRMD,5,5,1.0,0.0531,0.1422,0.2255,1269698580,SURGICAL & MEDICAL INSTRUMENTS & APPARATUS,False,,,1.0
166,IRON,6,6,1.0,0.1768,0.2362,0.2903,2112121563,PHARMACEUTICAL PREPARATIONS,False,,,1.0
167,IVZ,4,4,1.0,0.0885,0.1706,0.2848,11774880000,Financials,False,,,1.0
168,JAZZ,3,3,1.0,0.0587,0.0946,0.3238,10105846441,PHARMACEUTICAL PREPARATIONS,False,,,1.0
169,JMIA,4,4,1.0,0.4934,0.9935,1.3614,1141353529,,False,,,1.0
170,JOBY,5,5,1.0,0.38,0.7257,1.2619,9550001439,AIRCRAFT,False,,,1.0
171,JOYY,3,3,1.0,0.0828,0.1188,0.1771,3118866710,,False,,,1.0
172,KB,3,3,1.0,0.1207,0.212,0.3204,40861070921,,False,,,1.0
173,LUNR,6,6,1.0,0.3438,0.4312,0.5122,2295473397,"SEARCH, DETECTION, NAVIGATION, GUIDANCE, AERONAUTICAL SYS",False,,,1.0
174,KOD,5,5,1.0,0.3944,0.6766,1.189,1347338805,"BIOLOGICAL PRODUCTS, (NO DIAGNOSTIC SUBSTANCES)",False,,,1.0
175,KRMN,4,4,1.0,0.1611,0.3623,0.5458,10028717348,"AIRCRAFT PARTS & AUXILIARY EQUIPMENT, NEC",False,,,1.0
176,KSS,6,6,1.0,0.371,0.4878,0.6804,2226955441,RETAIL-DEPARTMENT STORES,False,,,1.0
177,NPKI,4,4,1.0,0.1388,0.2147,0.2896,1220103453,SERVICES-MISCELLANEOUS EQUIPMENT RENTAL & LEASING,False,,,1.0
178,KTOS,5,5,1.0,0.1211,0.268,0.5119,15169514811,Aerospace & Defense,False,,,1.0
179,LAC,4,4,1.0,0.9434,1.1675,1.7313,1405150773,METAL MINING,False,,,1.0
180,LASR,3,3,1.0,0.3282,0.4306,0.5994,2894214003,SEMICONDUCTORS & RELATED DEVICES,False,,,1.0
181,LC,5,5,1.0,0.0761,0.2077,0.3885,1795665522,PERSONAL CREDIT INSTITUTIONS,False,,,1.0
182,LIND,4,4,1.0,0.1071,0.2386,0.2687,1111892912,TRANSPORTATION SERVICES,False,,,1.0
183,LITE,4,4,1.0,0.2869,0.5943,0.8042,40179636000,"COMMUNICATIONS EQUIPMENT, NEC",False,,,1.0
184,LIVN,3,3,1.0,0.1134,0.1258,0.2028,3593043676,ELECTROMEDICAL & ELECTROTHERAPEUTIC APPARATUS,False,,,1.0
185,LLYVA,3,3,1.0,0.1333,0.1815,0.2014,8335566364,,False,,,1.0
186,LMB,3,3,1.0,0.3891,0.6075,0.7263,1024787385,CONSTRUCTION - SPECIAL TRADE CONTRACTORS,False,,,1.0
187,LQDA,3,3,1.0,0.3608,0.4133,0.5246,3323227450,PHARMACEUTICAL PREPARATIONS,False,,,1.0
188,LRCX,4,4,1.0,0.1084,0.2024,0.4567,294123033630,Semiconductors,False,,,1.0
189,MT,4,4,1.0,0.0427,0.077,0.1977,46815261000,,False,,,1.0
190,MTRN,3,3,1.0,0.146,0.1534,0.2029,3310604082,METAL FORGINGS & STAMPINGS,False,,,1.0
191,MTSI,3,3,1.0,0.1313,0.2471,0.3292,18314922595,SEMICONDUCTORS & RELATED DEVICES,False,,,1.0
192,MTZ,4,4,1.0,0.1035,0.1627,0.2508,21266167662,"WATER, SEWER, PIPELINE, COMM & POWER LINE CONSTRUCTION",False,,,1.0
193,LYG,3,3,1.0,0.1077,0.1348,0.2214,82457011237,,False,,,1.0
194,M,3,3,1.0,0.2055,0.3712,0.4672,5751051647,RETAIL-DEPARTMENT STORES,False,,,1.0
195,MARA,6,6,1.0,0.1511,0.2109,0.2568,2995220075,FINANCE SERVICES,False,,,1.0
196,MAZE,7,7,1.0,0.3073,0.483,0.7702,2213975618,"BIOLOGICAL PRODUCTS, (NO DIAGNOSTIC SUBSTANCES)",False,,,1.0
197,MBX,6,6,1.0,0.2889,0.4693,0.8841,1710328683,PHARMACEUTICAL PREPARATIONS,False,,,1.0
198,MDB,4,4,1.0,0.0971,0.192,0.3013,29984724384,SERVICES-PREPACKAGED SOFTWARE,False,,,1.0
199,MDGL,4,4,1.0,0.2187,0.3731,0.3902,10554223988,PHARMACEUTICAL PREPARATIONS,False,,,1.0
200,MDU,3,3,1.0,0.0771,0.126,0.1677,4494005297,MINING & QUARRYING OF NONMETALLIC MINERALS (NO FUELS),False,,,1.0
201,METC,5,5,1.0,0.4394,0.9164,1.1934,1090293563,BITUMINOUS COAL & LIGNITE MINING,False,,,1.0
202,MIRM,3,3,1.0,0.1401,0.2653,0.3923,6173623669,PHARMACEUTICAL PREPARATIONS,False,,,1.0
203,MKSI,8,8,1.0,0.1384,0.2289,0.3655,17513768650,"INDUSTRIAL INSTRUMENTS FOR MEASUREMENT, DISPLAY, AND CONTROL",False,,,1.0
204,MLYS,7,7,1.0,0.7671,0.8815,0.9764,2184262785,PHARMACEUTICAL PREPARATIONS,False,,,1.0
205,MMS,3,3,1.0,0.0696,0.1293,0.1347,4074233141,"SERVICES-BUSINESS SERVICES, NEC",False,,,1.0
206,MNKD,3,3,1.0,0.1722,0.2925,0.3296,1738017790,PHARMACEUTICAL PREPARATIONS,False,,,1.0
207,MOFG,3,3,1.0,0.0166,0.234,0.2881,1017475705,STATE COMMERCIAL BANKS,False,,,1.0
208,MPC,3,3,1.0,0.0776,0.1128,0.1586,59961700000,Energy,False,,,1.0
209,MRCY,7,7,1.0,0.0917,0.1497,0.2133,4942805091,Aerospace & Defense,False,,,1.0
210,MS,3,3,1.0,0.0274,0.0842,0.1362,270930450000,Financials,False,,,1.0
211,NSSC,3,3,1.0,0.1147,0.1659,0.2081,1574579904,"COMMUNICATIONS EQUIPMENT, NEC",False,,,1.0
212,NVTS,4,4,1.0,0.4202,0.4853,1.0559,1913118310,SEMICONDUCTORS & RELATED DEVICES,False,,,1.0
213,MSGE,4,4,1.0,0.0698,0.0964,0.1865,2955041418,SERVICES-MISCELLANEOUS AMUSEMENT & RECREATION,False,,,1.0
214,NXE,4,4,1.0,0.1351,0.1931,0.2818,7605999726,,False,,,1.0
215,NXT,4,4,1.0,0.1974,0.3312,0.4777,17288527158,"SEARCH, DETECTION, NAVIGATION, GUIDANCE, AERONAUTICAL SYS",False,,,1.0
216,NTB,3,3,1.0,0.066,0.1321,0.1639,2172949864,,False,,,1.0
217,MUX,5,5,1.0,0.1329,0.3018,0.4326,1522506246,GOLD AND SILVER ORES,False,,,1.0
218,MYRG,5,5,1.0,0.0775,0.1681,0.2163,4252480374,"WATER, SEWER, PIPELINE, COMM & POWER LINE CONSTRUCTION",False,,,1.0
219,NAK,5,5,1.0,0.5632,1.106,1.2739,1193472709,,False,,,1.0
220,NBIS,3,3,1.0,0.5148,0.9286,0.9738,24798193327,,False,,,1.0
221,NEM,5,5,1.0,0.1369,0.2529,0.4127,137280883009,Materials,False,,,1.0
222,NGD,4,4,1.0,0.1911,0.2958,0.3877,8756499558,,False,,,1.0
223,NGL,4,4,1.0,0.3408,0.3964,0.6971,1485771468,NATURAL GAS TRANSMISSION,False,,,1.0
224,NESR,4,4,1.0,0.286,0.4584,0.7801,2099200719,"OIL & GAS FIELD SERVICES, NEC",False,,,1.0
225,NG,6,6,1.0,0.1849,0.443,0.6766,4708656208,GOLD AND SILVER ORES,False,,,1.0
226,NTLA,4,4,1.0,0.4242,0.5301,0.8065,1374901221,IN VITRO & IN VIVO DIAGNOSTIC SUBSTANCES,False,,,1.0
227,NU,4,4,1.0,0.0894,0.1255,0.1877,81502583425,,False,,,1.0
228,NUVB,5,5,1.0,0.2914,0.5742,0.7743,1978148908,PHARMACEUTICAL PREPARATIONS,False,,,1.0
229,NVAX,6,6,1.0,0.104,0.104,0.1991,1413741256,"BIOLOGICAL PRODUCTS, (NO DIAGNOSTIC SUBSTANCES)",False,,,1.0
230,NVRI,5,5,1.0,0.1794,0.272,0.3503,1526815449,"SERVICES-SERVICES, NEC",False,,,1.0
231,PDFS,3,3,1.0,0.0675,0.1164,0.2214,1331191588,SERVICES-PREPACKAGED SOFTWARE,False,,,1.0
232,PENG,4,4,1.0,0.0832,0.108,0.1752,1018090241,SEMICONDUCTORS & RELATED DEVICES,False,,,1.0
233,PGEN,7,7,1.0,0.2681,0.8163,1.3689,1744354780,PHARMACEUTICAL PREPARATIONS,False,,,1.0
234,ODV,7,7,1.0,0.1352,0.3168,0.4622,1104333046,,False,,,1.0
235,OKLO,5,5,1.0,0.4964,0.6515,0.9266,10263870356,Nuclear,False,,,1.0
236,OLMA,6,6,1.0,0.345,0.7609,1.4649,1810812660,PHARMACEUTICAL PREPARATIONS,False,,,1.0
237,OMAB,5,5,1.0,0.0793,0.224,0.2753,6185951460,,False,,,1.0
238,ONDS,4,4,1.0,0.7873,1.4872,3.2776,4190356985,RADIO & TV BROADCASTING & COMMUNICATIONS EQUIPMENT,False,,,1.0
239,OR,3,3,1.0,0.1107,0.2601,0.3728,8025117217,,False,,,1.0
240,ORKA,9,9,1.0,0.2382,0.3874,0.5791,1559261362,PHARMACEUTICAL PREPARATIONS,False,,,1.0
241,ORLA,3,3,1.0,0.0569,0.157,0.1811,5910795265,,False,,,1.0
242,UAMY,3,3,1.0,0.2355,0.4453,1.6712,1067071302,PRIMARY SMELTING & REFINING OF NONFERROUS METALS,False,,,1.0
243,PAAS,6,6,1.0,0.0746,0.1816,0.2499,24449182710,,False,,,1.0
244,PARR,5,5,1.0,0.2419,0.5615,0.8711,2155474102,CRUDE PETROLEUM & NATURAL GAS,False,,,1.0
245,PBF,6,6,1.0,0.2022,0.2541,0.3795,4038652155,PETROLEUM REFINING,False,,,1.0
246,PKX,4,4,1.0,0.1433,0.1589,0.1792,19848942071,,False,,,1.0
247,PL,4,4,1.0,0.5013,0.6905,0.7012,7647238338,RADIO & TV BROADCASTING & COMMUNICATIONS EQUIPMENT,False,,,1.0
248,PLSE,3,3,1.0,0.1551,0.1847,0.1847,1559331969,SURGICAL & MEDICAL INSTRUMENTS & APPARATUS,False,,,1.0
249,PONY,3,3,1.0,0.628,0.8214,0.8214,6099929650,,False,,,1.0
250,PPTA,5,5,1.0,0.1508,0.2965,0.4681,3521248369,GOLD AND SILVER ORES,False,,,1.0
251,PRAX,5,5,1.0,0.6772,0.7675,1.1321,8800163487,PHARMACEUTICAL PREPARATIONS,False,,,1.0
252,PRIM,4,4,1.0,0.1518,0.3248,0.4819,8998007412,"WATER, SEWER, PIPELINE, COMM & POWER LINE CONSTRUCTION",False,,,1.0
253,PRM,4,4,1.0,0.1619,0.2703,0.3987,3878559833,CHEMICALS & ALLIED PRODUCTS,False,,,1.0
254,PSMT,3,3,1.0,0.0718,0.1024,0.1511,4797344118,RETAIL-VARIETY STORES,False,,,1.0
255,QBTS,7,7,1.0,0.3906,0.7119,1.311,7274539282,SERVICES-COMPUTER PROCESSING & DATA PREPARATION,False,,,1.0
256,QGEN,5,5,1.0,0.0508,0.0822,0.1681,10388238229,,False,,,1.0
257,QRVO,3,3,1.0,0.0647,0.1661,0.1998,7828067534,SEMICONDUCTORS & RELATED DEVICES,False,,,1.0
258,QUBT,3,3,1.0,0.5312,0.7806,1.1132,1898324384,SERVICES-PREPACKAGED SOFTWARE,False,,,1.0
259,RCAT,5,5,1.0,0.2496,0.4309,0.5331,1357249850,SERVICES-PREPACKAGED SOFTWARE,False,,,1.0
260,REAL,4,4,1.0,0.2667,0.4765,0.59,1336018598,RETAIL-MISCELLANEOUS RETAIL,False,,,1.0
261,REX,3,3,1.0,0.092,0.1223,0.248,1092544106,INDUSTRIAL ORGANIC CHEMICALS,False,,,1.0
262,REZI,4,4,1.0,0.1602,0.4335,0.6773,5364286443,WHOLESALE-HARDWARE,False,,,1.0
263,RGC,4,4,1.0,5.6887,12.4522,49.951,15437943707,,False,,,1.0
264,RGLD,4,4,1.0,0.0744,0.1934,0.2313,24146285824,MINERAL ROYALTY TRADERS,False,,,1.0
265,RGTI,8,8,1.0,0.4486,0.7134,1.4619,5310119595,SERVICES-COMPUTER PROGRAMMING SERVICES,False,,,1.0
266,RHLD,4,4,1.0,0.2994,0.7696,1.1273,1584784382,FINANCE SERVICES,False,,,1.0
267,RIOT,3,3,1.0,0.3073,0.5673,0.6656,5658905370,FINANCE SERVICES,False,,,1.0
268,RIVN,4,4,1.0,0.156,0.3014,0.3416,22002748958,MOTOR VEHICLES & PASSENGER CAR BODIES,False,,,1.0
269,RKLB,6,6,1.0,0.3302,0.51,0.861,36023503097,GUIDED MISSILES & SPACE VEHICLES & PARTS,False,,,1.0
270,RL,3,3,1.0,0.0784,0.1279,0.172,22348832951,Consumer Discretionary,False,,,1.0
271,RLAY,7,7,1.0,0.134,0.2163,0.5072,1547768898,"BIOLOGICAL PRODUCTS, (NO DIAGNOSTIC SUBSTANCES)",False,,,1.0
272,RMBS,4,4,1.0,0.1084,0.2368,0.4005,10974931059,SEMICONDUCTORS & RELATED DEVICES,False,,,1.0
273,RNA,5,5,1.0,0.1862,0.2341,0.328,11256875329,PHARMACEUTICAL PREPARATIONS,False,,,1.0
274,ROST,3,3,1.0,0.0747,0.1562,0.1892,63569866149,Consumer Discretionary,False,,,1.0
275,RTX,3,3,1.0,0.0271,0.0563,0.1293,268538072460,Aerospace & Defense,False,,,1.0
276,RXRX,4,4,1.0,0.1322,0.1764,0.2253,1816395645,"BIOLOGICAL PRODUCTS, (NO DIAGNOSTIC SUBSTANCES)",False,,,1.0
277,SA,7,7,1.0,0.1712,0.3584,0.4982,3623904634,,False,,,1.0
278,SAN,4,4,1.0,0.0823,0.1372,0.1998,174081080000,,False,,,1.0
279,SANA,3,3,1.0,0.449,0.8643,1.3318,1025509562,"BIOLOGICAL PRODUCTS, (NO DIAGNOSTIC SUBSTANCES)",False,,,1.0
280,SANM,5,5,1.0,0.1744,0.1972,0.2711,7961938719,PRINTED CIRCUIT BOARDS,False,,,1.0
281,SRRK,4,4,1.0,0.1155,0.164,0.232,4690302872,"BIOLOGICAL PRODUCTS, (NO DIAGNOSTIC SUBSTANCES)",False,,,1.0
282,SBS,5,5,1.0,0.0644,0.1179,0.1589,20516429504,,False,,,1.0
283,SBSW,5,5,1.0,0.2227,0.4619,0.7348,12192668489,,False,,,1.0
284,SE,3,3,1.0,0.0987,0.1789,0.1933,63192207755,,False,,,1.0
285,SEB,4,4,1.0,0.1694,0.251,0.3377,5147117910,WHOLESALE-FARM PRODUCT RAW MATERIALS,False,,,1.0
286,SEPN,5,5,1.0,0.2812,0.4853,0.8166,1231290280,PHARMACEUTICAL PREPARATIONS,False,,,1.0
287,SHLS,8,8,1.0,0.2707,0.4635,0.5857,1714057400,SEMICONDUCTORS & RELATED DEVICES,False,,,1.0
288,SII,3,3,1.0,0.1576,0.2946,0.3588,3176351260,,False,,,1.0
289,SIMO,4,4,1.0,0.1361,0.2174,0.3437,4631294547,,False,,,1.0
290,SION,6,6,1.0,0.3478,0.494,0.7825,1674472125,PHARMACEUTICAL PREPARATIONS,False,,,1.0
291,SITM,4,4,1.0,0.1593,0.2698,0.3798,11052013280,SEMICONDUCTORS & RELATED DEVICES,False,,,1.0
292,SKE,8,8,1.0,0.0829,0.1855,0.2583,4003345655,,False,,,1.0
293,SKYT,7,7,1.0,0.2169,0.4175,0.7504,1421328889,SEMICONDUCTORS & RELATED DEVICES,False,,,1.0
294,SLDE,3,3,1.0,0.1002,0.1549,0.2699,2096768909,"FIRE, MARINE & CASUALTY INSURANCE",False,,,1.0
295,SLF,3,3,1.0,0.0608,0.1262,0.1531,38189569068,,False,,,1.0
296,SMCI,5,5,1.0,0.0899,0.1772,0.2577,18293137131,Technology,False,,,1.0
297,SNDK,3,3,1.0,0.3065,0.6964,2.0792,92459735533,COMPUTER STORAGE DEVICES,False,,,1.0
298,SPHR,5,5,1.0,0.2055,0.3131,0.4869,4107595284,SERVICES-AMUSEMENT & RECREATION SERVICES,False,,,1.0
299,TLK,5,5,1.0,0.0677,0.0973,0.1551,20713909491,,False,,,1.0
300,TMC,4,4,1.0,0.5951,0.8004,1.2796,2518166554,METAL MINING,False,,,1.0
301,TNDM,4,4,1.0,0.1625,0.2963,0.4367,1284854703,SURGICAL & MEDICAL INSTRUMENTS & APPARATUS,False,,,1.0
302,ULTA,6,6,1.0,0.0314,0.1039,0.1891,30317108344,Consumer Discretionary,False,,,1.0
303,SSL,4,4,1.0,0.1943,0.2363,0.2688,5074799948,,False,,,1.0
304,STN,3,3,1.0,0.078,0.1635,0.243,9927250574,,False,,,1.0
305,STNE,3,3,1.0,0.2235,0.3225,0.3718,4423100737,,False,,,1.0
306,STOK,3,3,1.0,0.1981,0.4377,0.9553,1822608256,PHARMACEUTICAL PREPARATIONS,False,,,1.0
307,STX,3,3,1.0,0.2712,0.4407,0.7423,92896945811,Technology,False,,,1.0
308,SVM,5,5,1.0,0.1457,0.2089,0.4077,2424858841,,False,,,1.0
309,SVRA,3,3,1.0,0.1679,0.468,0.5177,1139419932,PHARMACEUTICAL PREPARATIONS,False,,,1.0
310,SXI,5,5,1.0,0.066,0.1901,0.231,3154385012,REFRIGERATION & SERVICE INDUSTRY MACHINERY,False,,,1.0
311,SYM,4,4,1.0,0.3921,0.868,1.124,6910148670,"GENERAL INDUSTRIAL MACHINERY & EQUIPMENT, NEC",False,,,1.0
312,SYRE,4,4,1.0,0.167,0.2975,0.3779,2842199721,PHARMACEUTICAL PREPARATIONS,False,,,1.0
313,TAC,3,3,1.0,0.1202,0.2018,0.2941,4029186000,,False,,,1.0
314,TE,5,5,1.0,0.1751,0.6257,1.2224,1299678787,SEMICONDUCTORS & RELATED DEVICES,False,,,1.0
315,TER,4,4,1.0,0.14,0.2977,0.5126,49278368621,Semiconductors,False,,,1.0
316,TERN,6,6,1.0,0.3988,1.6333,3.0773,4110315548,PHARMACEUTICAL PREPARATIONS,False,,,1.0
317,TEVA,3,3,1.0,0.1342,0.1863,0.3521,39574422652,PHARMACEUTICAL PREPARATIONS,False,,,1.0
318,TFPM,4,4,1.0,0.0734,0.128,0.1837,7475460902,,False,,,1.0
319,TGB,5,5,1.0,0.2221,0.3296,0.5963,2987936596,,False,,,1.0
320,THC,5,5,1.0,0.1247,0.2355,0.2663,20310223500,"SERVICES-GENERAL MEDICAL & SURGICAL HOSPITALS, NEC",False,,,1.0
321,TIGO,5,5,1.0,0.1183,0.1773,0.236,10979155349,,False,,,1.0
322,USAR,5,5,1.0,0.3974,0.4465,1.0432,4226958674,METAL MINING,False,,,1.0
323,USAS,8,8,1.0,0.1744,0.4615,0.6929,2431334810,,False,,,1.0
324,UUUU,3,3,1.0,0.3158,0.8125,1.322,4989945157,Nuclear,True,,,1.0
325,TNGX,7,7,1.0,0.4438,0.9015,1.1736,1737334512,PHARMACEUTICAL PREPARATIONS,False,,,1.0
326,TNL,3,3,1.0,0.0519,0.1331,0.1818,4557031223,HOTELS & MOTELS,False,,,1.0
327,TPC,6,6,1.0,0.0622,0.1271,0.3064,4363976339,GENERAL BLDG CONTRACTORS - NONRESIDENTIAL BLDGS,False,,,1.0
328,TPG,4,4,1.0,0.0906,0.1355,0.1625,7583271729,INVESTMENT ADVICE,False,,,1.0
329,TRS,5,5,1.0,0.1309,0.2305,0.3254,1474218487,METAL FORGINGS & STAMPINGS,False,,,1.0
330,TRUP,3,3,1.0,0.0733,0.2012,0.2864,1213522184,HOSPITAL & MEDICAL SERVICE PLANS,False,,,1.0
331,TRVI,5,5,1.0,0.1118,0.2513,0.3544,1333593393,PHARMACEUTICAL PREPARATIONS,False,,,1.0
332,TSEM,7,7,1.0,0.2012,0.4109,0.6324,14476521661,,False,,,1.0
333,TSHA,8,8,1.0,0.2637,0.4243,0.6431,1246333147,"BIOLOGICAL PRODUCTS, (NO DIAGNOSTIC SUBSTANCES)",False,,,1.0
334,TSLA,5,5,1.0,0.1934,0.2508,0.2508,1566415207400,Consumer Discretionary,True,,,1.0
335,TSM,4,4,1.0,0.1413,0.2166,0.2835,1900127936629,,True,,,1.0
336,TTI,3,3,1.0,0.1229,0.3379,0.6115,1463189051,CRUDE PETROLEUM & NATURAL GAS,False,,,1.0
337,TTMI,3,3,1.0,0.2155,0.4758,0.7048,9485760555,PRINTED CIRCUIT BOARDS,False,,,1.0
338,UI,4,4,1.0,0.2082,0.3799,0.5334,43578602927,RADIO & TV BROADCASTING & COMMUNICATIONS EQUIPMENT,False,,,1.0
339,UVV,3,3,1.0,0.0277,0.0854,0.1617,1332410096,WHOLESALE-FARM PRODUCT RAW MATERIALS,False,,,1.0
340,VCEL,3,3,1.0,0.1351,0.1489,0.1489,1818641974,"BIOLOGICAL PRODUCTS, (NO DIAGNOSTIC SUBSTANCES)",False,,,1.0
341,VIPS,4,4,1.0,0.0701,0.0983,0.1437,8647220000,,False,,,1.0
342,VIST,3,3,1.0,0.0921,0.1313,0.1313,5643730194,,False,,,1.0
343,VITL,4,4,1.0,0.0859,0.1645,0.2251,1272044113,FOOD AND KINDRED PRODUCTS,False,,,1.0
344,VKTX,3,3,1.0,0.1395,0.2114,0.2683,3351074555,PHARMACEUTICAL PREPARATIONS,False,,,1.0
345,VLO,5,5,1.0,0.0687,0.119,0.1731,61053759421,Energy,False,,,1.0
346,VLRS,3,3,1.0,0.082,0.1614,0.2872,1157042869,,False,,,1.0
347,VRDN,10,10,1.0,0.1365,0.2856,0.4395,2662832023,PHARMACEUTICAL PREPARATIONS,False,,,1.0
348,VRNS,4,4,1.0,0.0853,0.1581,0.1869,2978474331,SERVICES-PREPACKAGED SOFTWARE,False,,,1.0
349,VRT,4,4,1.0,0.1602,0.2591,0.3607,89720314570,"ELECTRONIC COMPONENTS, NEC",True,,,1.0
350,VSAT,5,5,1.0,0.2268,0.5006,0.8788,6635363938,"COMMUNICATIONS SERVICES, NEC",False,,,1.0
351,VTYX,3,3,1.0,0.6222,1.2454,1.5396,1002349567,PHARMACEUTICAL PREPARATIONS,False,,,1.0
352,VYX,3,3,1.0,0.1474,0.2136,0.2478,1314341493,CALCULATING & ACCOUNTING MACHINES (NO ELECTRONIC COMPUTERS),False,,,1.0
353,VZLA,4,4,1.0,0.1665,0.2686,0.4633,1321321701,,False,,,1.0
354,W,4,4,1.0,0.123,0.3221,0.5022,10738554493,RETAIL-CATALOG & MAIL-ORDER HOUSES,False,,,1.0
355,WCC,3,3,1.0,0.1203,0.169,0.2012,14939257233,"WHOLESALE-ELECTRICAL APPARATUS & EQUIPMENT, WIRING SUPPLIES",False,,,1.0
356,WDC,5,5,1.0,0.2032,0.4847,0.8469,95466298076,Technology,True,,,1.0
357,WFRD,6,6,1.0,0.0865,0.1427,0.2487,7273598282,OIL & GAS FIELD MACHINERY & EQUIPMENT,False,,,1.0
358,WINA,4,4,1.0,0.124,0.187,0.239,1623514268,RETAIL-MISCELLANEOUS RETAIL,False,,,1.0
359,WULF,4,4,1.0,0.2641,0.7445,0.9515,6807767385,FINANCE SERVICES,False,,,1.0
360,WVE,6,6,1.0,0.0943,0.6995,0.76,2355435633,PHARMACEUTICAL PREPARATIONS,False,,,1.0
361,WWW,4,4,1.0,0.2386,0.4904,0.6793,1443454666,"FOOTWEAR, (NO RUBBER)",False,,,1.0
362,XPRO,4,4,1.0,0.0678,0.1433,0.2426,1854441674,"OIL & GAS FIELD SERVICES, NEC",False,,,1.0
363,YOU,4,4,1.0,0.1265,0.1835,0.1895,3177985362,SERVICES-PREPACKAGED SOFTWARE,False,,,1.0
364,ZBIO,10,10,1.0,0.216,0.4908,0.7844,1417129982,PHARMACEUTICAL PREPARATIONS,False,,,1.0
365,ZYME,7,7,1.0,0.1158,0.2373,0.3635,1703807626,PHARMACEUTICAL PREPARATIONS,False,,,1.0
366,BBD,11,10,0.9091,0.1057,0.1737,0.216,42096507871,,False,,,0.9091
367,CPRI,9,8,0.8889,0.0785,0.1208,0.1778,2433285283,LEATHER & LEATHER PRODUCTS,False,,,0.8889
368,ATAI,8,7,0.875,0.3081,0.4819,0.8285,1296676129,PHARMACEUTICAL PREPARATIONS,False,,,0.875
369,CMPX,8,7,0.875,0.2045,0.3646,0.4993,1116974000,"BIOLOGICAL PRODUCTS, (NO DIAGNOSTIC SUBSTANCES)",False,,,0.875
370,LMND,8,7,0.875,0.2154,0.2511,0.4644,4764850281,"FIRE, MARINE & CASUALTY INSURANCE",False,,,0.875
371,U,8,7,0.875,0.1794,0.2864,0.4704,8085824800,SERVICES-PREPACKAGED SOFTWARE,False,,,0.875
372,POWL,8,7,0.875,0.1616,0.2849,0.3865,7104085514,SWITCHGEAR & SWITCHBOARD APPARATUS,False,,,0.875
373,RCUS,8,7,0.875,0.1162,0.2727,0.4802,2340943901,PHARMACEUTICAL PREPARATIONS,False,,,0.875
374,SOUN,8,7,0.875,0.1526,0.2196,0.3094,3133915123,SERVICES-PREPACKAGED SOFTWARE,False,,,0.875
375,TEM,8,7,0.875,0.1309,0.2065,0.2653,9242282105,"SERVICES-COMPUTER PROGRAMMING, DATA PROCESSING, ETC.",False,,,0.875
376,TIMB,8,7,0.875,0.0807,0.1505,0.2041,12478403303,,False,,,0.875
377,ASND,7,6,0.8571,0.0561,0.1226,0.1501,13277789091,,False,,,0.8571
378,BSBR,7,6,0.8571,0.0598,0.1133,0.1593,50150593689,,False,,,0.8571
379,CNX,7,6,0.8571,0.0777,0.1141,0.1593,5780147702,CRUDE PETROLEUM & NATURAL GAS,False,,,0.8571
380,CSIQ,7,6,0.8571,0.219,0.4492,0.5037,1298591849,,False,,,0.8571
381,CTRI,7,6,0.8571,0.1537,0.1935,0.2314,3087956759,NATURAL GAS TRANSMISSION & DISTRIBUTION,False,,,0.8571
382,DLTR,7,6,0.8571,0.0832,0.16,0.2117,25067432753,Consumer Discretionary,False,,,0.8571
383,DOCN,7,6,0.8571,0.12,0.2351,0.3408,6236104398,"SERVICES-COMPUTER PROGRAMMING, DATA PROCESSING, ETC.",False,,,0.8571
384,ERAS,7,6,0.8571,0.1665,0.2375,0.8152,3715041660,PHARMACEUTICAL PREPARATIONS,False,,,0.8571
385,GLTO,7,6,0.8571,0.5241,0.9081,1.636,1754190896,PHARMACEUTICAL PREPARATIONS,False,,,0.8571
386,HSAI,7,6,0.8571,0.095,0.1605,0.2455,4046411933,,False,,,0.8571
387,MCY,7,6,0.8571,0.0637,0.1088,0.1672,5177174965,"FIRE, MARINE & CASUALTY INSURANCE",False,,,0.8571
388,MOD,7,6,0.8571,0.1023,0.2197,0.3181,11416304150,MOTOR VEHICLE PARTS & ACCESSORIES,False,,,0.8571
389,MP,7,6,0.8571,0.1296,0.4835,0.8926,10284684928,METAL MINING,False,,,0.8571
390,NTES,7,6,0.8571,0.0844,0.1596,0.2561,76370045033,,False,,,0.8571
391,RAPP,7,6,0.8571,0.2387,0.4691,0.6889,1331175584,PHARMACEUTICAL PREPARATIONS,False,,,0.8571
392,SEDG,7,6,0.8571,0.1243,0.2372,0.3224,2124695812,SEMICONDUCTORS & RELATED DEVICES,False,,,0.8571
393,SEI,7,6,0.8571,0.1755,0.2442,0.4194,2763679062,OIL & GAS FIELD MACHINERY & EQUIPMENT,False,,,0.8571
394,TD,7,6,0.8571,0.0536,0.1165,0.1972,159830312531,,False,,,0.8571
395,VIV,7,6,0.8571,0.0639,0.1287,0.206,25117465926,,False,,,0.8571
396,AEIS,6,5,0.8333,0.0769,0.1652,0.2736,11862274828,"ELECTRONIC COMPONENTS, NEC",False,,,0.8333
397,AMG,6,5,0.8333,0.0479,0.1215,0.194,9276632569,INVESTMENT ADVICE,False,,,0.8333
398,APGE,6,5,0.8333,0.0988,0.1946,0.2176,4630745121,"BIOLOGICAL PRODUCTS, (NO DIAGNOSTIC SUBSTANCES)",False,,,0.8333
399,ATEC,6,5,0.8333,0.1162,0.1586,0.2617,1984630471,SURGICAL & MEDICAL INSTRUMENTS & APPARATUS,False,,,0.8333
400,ENS,6,5,0.8333,0.0989,0.1777,0.3211,6603766220,"MISCELLANEOUS ELECTRICAL MACHINERY, EQUIPMENT & SUPPLIES",False,,,0.8333
401,BEAM,6,5,0.8333,0.1001,0.1364,0.2616,2833180436,"BIOLOGICAL PRODUCTS, (NO DIAGNOSTIC SUBSTANCES)",False,,,0.8333
402,BELFB,6,5,0.8333,0.1082,0.2251,0.3106,2947885488,"ELECTRONIC COILS, TRANSFORMERS & OTHER INDUCTORS",False,,,0.8333
403,BILI,6,5,0.8333,0.0684,0.1279,0.2283,12471244720,,False,,,0.8333
404,BKV,6,5,0.8333,0.0401,0.1223,0.1779,3124890304,CRUDE PETROLEUM & NATURAL GAS,False,,,0.8333
405,BTE,6,5,0.8333,0.0467,0.1367,0.2152,2666060010,,False,,,0.8333
406,CELH,6,5,0.8333,0.1908,0.2491,0.34,11517847069,BOTTLED & CANNED SOFT DRINKS & CARBONATED WATERS,False,,,0.8333
407,DAR,6,5,0.8333,0.0618,0.1013,0.2386,8061162738,FATS & OILS,False,,,0.8333
408,CRK,6,5,0.8333,0.1089,0.2487,0.3728,5573902410,CRUDE PETROLEUM & NATURAL GAS,False,,,0.8333
409,DBRG,6,5,0.8333,0.0618,0.1732,0.2052,2817248032,INVESTMENT ADVICE,False,,,0.8333
410,DDOG,6,5,0.8333,0.1604,0.2525,0.2525,43903977774,Software,False,,,0.8333
411,DELL,6,5,0.8333,0.0728,0.1588,0.204,77859401691,Technology,False,,,0.8333
412,EFXT,6,5,0.8333,0.0577,0.1959,0.3181,2308143712,,False,,,0.8333
413,EWTX,6,5,0.8333,0.1064,0.3147,0.488,3177111704,PHARMACEUTICAL PREPARATIONS,False,,,0.8333
414,GSL,6,5,0.8333,0.0646,0.0986,0.1593,1364650373,,False,,,0.8333
415,NKTR,6,5,0.8333,0.5227,1.0831,1.2796,1995779161,PHARMACEUTICAL PREPARATIONS,False,,,0.8333
416,GMAB,6,5,0.8333,0.0725,0.1631,0.2257,18498271892,,False,,,0.8333
417,INTR,6,5,0.8333,0.1154,0.2106,0.2474,3852738117,,False,,,0.8333
418,IPX,6,5,0.8333,0.1299,0.3128,0.4373,1370514921,,False,,,0.8333
419,ITUB,6,5,0.8333,0.0743,0.1171,0.1634,101003493437,,False,,,0.8333
420,LUMN,6,5,0.8333,0.0821,0.2585,0.4385,8605150978,TELEPHONE COMMUNICATIONS (NO RADIOTELEPHONE),False,,,0.8333
421,KNSA,6,5,0.8333,0.0526,0.1648,0.2032,3438853585,PHARMACEUTICAL PREPARATIONS,False,,,0.8333
422,MLTX,6,5,0.8333,0.1258,0.2738,0.3609,1117263513,PHARMACEUTICAL PREPARATIONS,False,,,0.8333
423,NAMS,6,5,0.8333,0.146,0.2901,0.4145,3926723542,PHARMACEUTICAL PREPARATIONS,False,,,0.8333
424,NVMI,6,5,0.8333,0.097,0.1562,0.2502,13158577424,,False,,,0.8333
425,PFSI,6,5,0.8333,0.0633,0.0822,0.2011,4790164445,MORTGAGE BANKERS & LOAN CORRESPONDENTS,False,,,0.8333
426,PAY,6,5,0.8333,0.2126,0.3442,0.3442,2897398511,"SERVICES-BUSINESS SERVICES, NEC",False,,,0.8333
427,PHM,6,5,0.8333,0.0933,0.162,0.178,27391701791,Consumer Discretionary,False,,,0.8333
428,PTCT,6,5,0.8333,0.1314,0.2378,0.3263,5576022782,PHARMACEUTICAL PREPARATIONS,False,,,0.8333
429,PTGX,6,5,0.8333,0.2195,0.2944,0.4139,5094401622,PHARMACEUTICAL PREPARATIONS,False,,,0.8333
430,RAPT,6,5,0.8333,0.4307,0.7087,1.0977,1671604677,PHARMACEUTICAL PREPARATIONS,False,,,0.8333
431,RUN,6,5,0.8333,0.3106,0.518,0.5807,4429678458,"MISCELLANEOUS ELECTRICAL MACHINERY, EQUIPMENT & SUPPLIES",False,,,0.8333
432,RYAAY,6,5,0.8333,0.0633,0.1087,0.1922,34335680126,,False,,,0.8333
433,SHOO,6,5,0.8333,0.0864,0.1855,0.2639,2847464551,"FOOTWEAR, (NO RUBBER)",False,,,0.8333
434,SHOP,6,5,0.8333,0.1594,0.1746,0.2967,146973351849,Software,False,,,0.8333
435,SMMT,6,5,0.8333,0.5688,0.5733,0.5733,11136860368,PHARMACEUTICAL PREPARATIONS,False,,,0.8333
436,SMTC,6,5,0.8333,0.0926,0.1794,0.3144,8061627065,SEMICONDUCTORS & RELATED DEVICES,False,,,0.8333
437,TLN,6,5,0.8333,0.1756,0.3535,0.4816,17210604807,ELECTRIC SERVICES,False,,,0.8333
438,TME,6,5,0.8333,0.1127,0.1928,0.2651,24423544340,,False,,,0.8333
439,STRL,6,5,0.8333,0.1605,0.3667,0.4555,13448019918,HEAVY CONSTRUCTION OTHER THAN BLDG CONST - CONTRACTORS,False,,,0.8333
440,VIR,6,5,0.8333,0.0691,0.1148,0.1709,1039263989,"BIOLOGICAL PRODUCTS, (NO DIAGNOSTIC SUBSTANCES)",False,,,0.8333
441,WGS,6,5,0.8333,0.1808,0.2921,0.3584,2605748788,SERVICES-HEALTH SERVICES,False,,,0.8333
442,EME,5,4,0.8,0.1356,0.2086,0.2675,35849399208,ELECTRICAL WORK,False,,,0.8
443,ALMS,5,4,0.8,0.4957,1.0617,1.7851,3309296565,PHARMACEUTICAL PREPARATIONS,False,,,0.8
444,AMPX,5,4,0.8,0.404,0.8856,0.9475,1300923864,"MISCELLANEOUS ELECTRICAL MACHINERY, EQUIPMENT & SUPPLIES",False,,,0.8
445,ANF,5,4,0.8,0.076,0.1427,0.1637,4296852997,RETAIL-FAMILY CLOTHING STORES,False,,,0.8
446,APA,5,4,0.8,0.0928,0.1328,0.1928,9902365487,Energy,False,,,0.8
447,APG,5,4,0.8,0.0565,0.1249,0.207,19146398166,SERVICES-TO DWELLINGS & OTHER BUILDINGS,False,,,0.8
448,ATI,5,4,0.8,0.1274,0.2229,0.3312,19554856727,STEEL PIPE & TUBES,False,,,0.8
449,AUPH,5,4,0.8,0.1789,0.2823,0.2916,1876091154,PHARMACEUTICAL PREPARATIONS,False,,,0.8
450,BB,5,4,0.8,0.1123,0.1512,0.1512,2041910523,SERVICES-PREPACKAGED SOFTWARE,False,,,0.8
451,BEPC,5,4,0.8,0.0556,0.0872,0.134,7873874125,,False,,,0.8
452,ENSG,5,4,0.8,0.0657,0.1071,0.1457,12397780485,SERVICES-SKILLED NURSING CARE FACILITIES,False,,,0.8
453,BG,5,4,0.8,0.0316,0.0605,0.1154,23692529088,Consumer Staples,False,,,0.8
454,BHC,5,4,0.8,0.1227,0.138,0.1976,2219396386,PHARMACEUTICAL PREPARATIONS,False,,,0.8
455,BHVN,5,4,0.8,0.0492,0.0643,0.124,1507341235,PHARMACEUTICAL PREPARATIONS,False,,,0.8
456,ENTG,5,4,0.8,0.0752,0.1129,0.1416,19964217000,"PLASTICS PRODUCTS, NEC",False,,,0.8
457,BLBD,5,4,0.8,0.0882,0.1984,0.2811,1819377636,TRUCK & BUS BODIES,False,,,0.8
458,CMRE,5,4,0.8,0.0735,0.1722,0.2336,2040040054,,False,,,0.8
459,ENVA,5,4,0.8,0.0974,0.157,0.274,3685591464,PERSONAL CREDIT INSTITUTIONS,False,,,0.8
460,CALX,5,4,0.8,0.1477,0.2204,0.3067,3533861540,"COMMUNICATIONS SERVICES, NEC",False,,,0.8
461,CGAU,5,4,0.8,0.0776,0.1905,0.2511,3803334735,,False,,,0.8
462,CIFR,5,4,0.8,0.5483,0.8222,1.5174,6487411526,FINANCE SERVICES,False,,,0.8
463,COHU,5,4,0.8,0.0618,0.1274,0.1939,1428794080,INSTRUMENTS FOR MEAS & TESTING OF ELECTRICITY & ELEC SIGNALS,False,,,0.8
464,COLL,5,4,0.8,0.0735,0.1295,0.1811,1447466591,PHARMACEUTICAL PREPARATIONS,False,,,0.8
465,CRL,5,4,0.8,0.0887,0.1076,0.1628,7940916245,Health Care,False,,,0.8
466,CSTM,5,4,0.8,0.0768,0.1369,0.2365,3209403432,SECONDARY SMELTING & REFINING OF NONFERROUS METALS,False,,,0.8
467,DAVE,5,4,0.8,0.3246,0.4175,0.4853,2394003656,FINANCE SERVICES,False,,,0.8
468,DGII,5,4,0.8,0.0781,0.1121,0.247,1815114581,COMPUTER COMMUNICATIONS EQUIPMENT,False,,,0.8
469,DY,5,4,0.8,0.1928,0.3934,0.481,12810344457,"WATER, SEWER, PIPELINE, COMM & POWER LINE CONSTRUCTION",False,,,0.8
470,ECPG,5,4,0.8,0.0543,0.0795,0.1333,1281792259,SHORT-TERM BUSINESS CREDIT INSTITUTIONS,False,,,0.8
471,ERO,5,4,0.8,0.219,0.2585,0.303,3191508602,,False,,,0.8
472,ESTA,5,4,0.8,0.1972,0.2553,0.2879,2167716952,"ORTHOPEDIC, PROSTHETIC & SURGICAL APPLIANCES & SUPPLIES",False,,,0.8
473,FLEX,5,4,0.8,0.0536,0.1661,0.2084,23619372877,PRINTED CIRCUIT BOARDS,False,,,0.8
474,GLDD,5,4,0.8,0.0616,0.1383,0.1882,1150095684,HEAVY CONSTRUCTION OTHER THAN BLDG CONST - CONTRACTORS,False,,,0.8
475,GRAL,5,4,0.8,0.2827,0.4132,0.5316,3800766742,SERVICES-MEDICAL LABORATORIES,False,,,0.8
476,HLF,5,4,0.8,0.2167,0.2399,0.3545,1642640448,"WHOLESALE-DRUGS, PROPRIETARIES & DRUGGISTS' SUNDRIES",False,,,0.8
477,HMY,5,4,0.8,0.1352,0.244,0.2867,13110005607,,False,,,0.8
478,HOOD,5,4,0.8,0.2171,0.4514,0.6686,68473920979,"SECURITY BROKERS, DEALERS & FLOTATION COMPANIES",False,,,0.8
479,NNE,5,4,0.8,0.186,0.2999,0.3883,1254418473,ELECTRIC SERVICES,False,,,0.8
480,KEP,5,4,0.8,0.1151,0.2657,0.4264,27630133874,,False,,,0.8
481,IMO,5,4,0.8,0.0338,0.0832,0.1414,57915936000,PETROLEUM REFINING,False,,,0.8
482,INBX,5,4,0.8,0.2197,0.6953,0.9947,1102415340,"BIOLOGICAL PRODUCTS, (NO DIAGNOSTIC SUBSTANCES)",False,,,0.8
483,IRTC,5,4,0.8,0.1077,0.1568,0.2384,4646322612,SURGICAL & MEDICAL INSTRUMENTS & APPARATUS,False,,,0.8
484,JKS,5,4,0.8,0.0686,0.1607,0.2144,1371888832,,False,,,0.8
485,LVS,5,4,0.8,0.0822,0.1355,0.1941,38399697819,Consumer Discretionary,True,,,0.8
486,KLAC,5,4,0.8,0.0468,0.1276,0.2478,191913198463,Semiconductors,False,,,0.8
487,KNF,5,4,0.8,0.0936,0.1391,0.1489,4576764607,MINING & QUARRYING OF NONMETALLIC MINERALS (NO FUELS),False,,,0.8
488,LDOS,5,4,0.8,0.0305,0.1098,0.1267,22540866823,Industrials,False,,,0.8
489,MU,5,4,0.8,0.2462,0.4162,0.5752,463327142383,Semiconductors,True,,,0.8
490,MLI,5,4,0.8,0.0482,0.0891,0.1572,13261688359,ROLLING DRAWING & EXTRUDING OF NONFERROUS METALS,False,,,0.8
491,NVT,5,4,0.8,0.0563,0.1542,0.2174,18273969037,SPECIAL INDUSTRY MACHINERY (NO METALWORKING MACHINERY),False,,,0.8
492,NYT,5,4,0.8,0.0972,0.1575,0.1694,11841736716,NEWSPAPERS: PUBLISHING OR PUBLISHING & PRINTING,False,,,0.8
493,TYRA,5,4,0.8,0.1661,0.3756,0.662,1493885023,PHARMACEUTICAL PREPARATIONS,False,,,0.8
494,NTRA,5,4,0.8,0.0791,0.1424,0.2294,28758592017,SERVICES-MEDICAL LABORATORIES,False,,,0.8
495,UAL,5,4,0.8,0.1268,0.1607,0.2036,35381324817,Industrials,False,,,0.8
496,PATH,5,4,0.8,0.2661,0.2822,0.3084,6053366422,SERVICES-PREPACKAGED SOFTWARE,False,,,0.8
497,PSTG,5,4,0.8,0.1317,0.1587,0.1831,24383176278,COMPUTER STORAGE DEVICES,False,,,0.8
498,PTON,5,4,0.8,0.0952,0.1175,0.1406,1808328632,"SPORTING & ATHLETIC GOODS, NEC",False,,,0.8
499,RDWR,5,4,0.8,0.0469,0.1448,0.2035,1212687387,,False,,,0.8
500,ROAD,5,4,0.8,0.1497,0.2972,0.3305,7569104307,HEAVY CONSTRUCTION OTHER THAN BLDG CONST - CONTRACTORS,False,,,0.8
501,SEE,5,4,0.8,0.0983,0.153,0.2359,6175079193,"PLASTIC MATERIAL, SYNTH RESIN/RUBBER, CELLULOS (NO GLASS)",False,,,0.8
502,SGML,5,4,0.8,0.0845,0.3108,0.5857,1486976119,,False,,,0.8
503,STLD,5,4,0.8,0.0715,0.1284,0.1987,27991961773,Materials,False,,,0.8
504,SYF,5,4,0.8,0.1053,0.1966,0.2434,24811422395,Financials,False,,,0.8
505,TDW,5,4,0.8,0.0854,0.1504,0.2246,3465951569,WATER TRANSPORTATION,False,,,0.8
506,TIGR,5,4,0.8,0.1144,0.1661,0.2057,1428250176,,False,,,0.8
507,TNK,5,4,0.8,0.163,0.1858,0.2109,2436723910,,False,,,0.8
508,TVTX,5,4,0.8,0.2746,0.3842,0.5307,2489120137,PHARMACEUTICAL PREPARATIONS,False,,,0.8
509,VIAV,5,4,0.8,0.0941,0.1497,0.4544,6083225880,SEMICONDUCTORS & RELATED DEVICES,False,,,0.8
510,VIRT,5,4,0.8,0.043,0.0745,0.1422,3255322993,"SECURITY BROKERS, DEALERS & FLOTATION COMPANIES",False,,,0.8
511,VNET,5,4,0.8,0.116,0.2277,0.3232,3712557433,,False,,,0.8
512,VSEC,5,4,0.8,0.0601,0.0836,0.177,5670428623,SERVICES-ENGINEERING SERVICES,False,,,0.8
513,WBD,5,4,0.8,0.0932,0.2692,0.3378,69400832397,Communication Services,False,,,0.8
514,XERS,5,4,0.8,0.2772,0.3435,0.4568,1131603650,PHARMACEUTICAL PREPARATIONS,False,,,0.8
515,XMTR,5,4,0.8,0.1159,0.2344,0.267,2840145095,"SERVICES-BUSINESS SERVICES, NEC",False,,,0.8
516,FSLR,9,7,0.7778,0.1337,0.231,0.3144,24214082016,Semiconductors,False,,,0.7778
517,GH,9,7,0.7778,0.1544,0.186,0.3154,13617333041,SERVICES-MEDICAL LABORATORIES,False,,,0.7778
518,KALU,9,7,0.7778,0.1071,0.1593,0.1999,2275520264,ROLLING DRAWING & EXTRUDING OF NONFERROUS METALS,False,,,0.7778
519,ABCB,4,3,0.75,0.0536,0.0934,0.1252,5715234990,STATE COMMERCIAL BANKS,False,,,0.75
520,ACHR,4,3,0.75,0.2447,0.2749,0.3113,4969919019,AIRCRAFT,False,,,0.75
521,ELV,4,3,0.75,0.0394,0.0992,0.1,76540378515,Health Care,False,,,0.75
522,ELVN,8,6,0.75,0.0655,0.0986,0.1628,1585760310,PHARMACEUTICAL PREPARATIONS,False,,,0.75
523,AES,4,3,0.75,0.0672,0.0844,0.1249,11593328968,Utilities,False,,,0.75
524,AGIO,4,3,0.75,0.0801,0.1467,0.1968,1638237129,PHARMACEUTICAL PREPARATIONS,False,,,0.75
525,AL,4,3,0.75,0.0581,0.1056,0.1518,7252051959,"SERVICES-EQUIPMENT RENTAL & LEASING, NEC",False,,,0.75
526,ALG,4,3,0.75,0.0381,0.0815,0.1429,2554416839,FARM MACHINERY & EQUIPMENT,False,,,0.75
527,ALV,4,3,0.75,0.0452,0.0888,0.1283,9336006000,MOTOR VEHICLE PARTS & ACCESSORIES,False,,,0.75
528,AMBA,4,3,0.75,0.0632,0.1301,0.1794,2850372678,SEMICONDUCTORS & RELATED DEVICES,False,,,0.75
529,AMRX,4,3,0.75,0.0601,0.1144,0.1999,4658858474,PHARMACEUTICAL PREPARATIONS,False,,,0.75
530,AN,4,3,0.75,0.0585,0.0902,0.1559,7003198146,RETAIL-AUTO DEALERS & GASOLINE STATIONS,False,,,0.75
531,ANIP,4,3,0.75,0.0788,0.1891,0.2181,1737363876,PHARMACEUTICAL PREPARATIONS,False,,,0.75
532,AORT,4,3,0.75,0.0424,0.1171,0.16,1751053800,SURGICAL & MEDICAL INSTRUMENTS & APPARATUS,False,,,0.75
533,APLD,4,3,0.75,0.4732,0.6999,0.9417,9863787835,SERVICES-COMPUTER PROCESSING & DATA PREPARATION,False,,,0.75
534,APLS,4,3,0.75,0.2226,0.3045,0.3592,2745597230,PHARMACEUTICAL PREPARATIONS,False,,,0.75
535,ARDX,4,3,0.75,0.132,0.2173,0.3029,1669233482,PHARMACEUTICAL PREPARATIONS,False,,,0.75
536,AXSM,4,3,0.75,0.057,0.1076,0.2072,9135274494,PHARMACEUTICAL PREPARATIONS,False,,,0.75
537,BANC,4,3,0.75,0.0438,0.105,0.1437,3109111480,NATIONAL COMMERCIAL BANKS,False,,,0.75
538,BBAR,4,3,0.75,0.2809,0.3059,0.3743,3304549692,,False,,,0.75
539,BWLP,4,3,0.75,0.1119,0.1663,0.2435,2531962584,,False,,,0.75
540,BCH,4,3,0.75,0.1303,0.1515,0.1697,21981316869,,False,,,0.75
541,BCS,4,3,0.75,0.0649,0.1043,0.172,87297571137,,False,,,0.75
542,BE,4,3,0.75,0.2526,0.8601,1.5886,39203807564,Clean Energy,False,,,0.75
543,BEP,4,3,0.75,0.0577,0.0837,0.1252,9721237552,,False,,,0.75
544,BFH,4,3,0.75,0.0401,0.1179,0.1591,3191517000,PERSONAL CREDIT INSTITUTIONS,False,,,0.75
545,BRKR,4,3,0.75,0.1312,0.2548,0.3124,5547371167,LABORATORY ANALYTICAL INSTRUMENTS,False,,,0.75
546,BSAC,4,3,0.75,0.0628,0.1199,0.179,16795261051,,False,,,0.75
547,CAH,4,3,0.75,0.0565,0.109,0.1294,51955423172,Health Care,False,,,0.75
548,CCK,4,3,0.75,0.0241,0.0842,0.126,12565982830,METAL CANS,False,,,0.75
549,CENX,4,3,0.75,0.1173,0.1935,0.289,4297464252,PRIMARY PRODUCTION OF ALUMINUM,False,,,0.75
550,CEPU,4,3,0.75,0.344,0.4286,0.4938,2336198380,,False,,,0.75
551,CFLT,4,3,0.75,0.045,0.166,0.1747,10929615950,SERVICES-PREPACKAGED SOFTWARE,False,,,0.75
552,CIGI,4,3,0.75,0.0578,0.1186,0.1647,5776236388,REAL ESTATE AGENTS & MANAGERS (FOR OTHERS),False,,,0.75
553,CLDX,8,6,0.75,0.0661,0.1166,0.1762,1528337833,IN VITRO & IN VIVO DIAGNOSTIC SUBSTANCES,False,,,0.75
554,CMPR,4,3,0.75,0.0633,0.1366,0.1918,1803661209,COMMERCIAL PRINTING,False,,,0.75
555,CYTK,4,3,0.75,0.1087,0.2388,0.4211,8101274195,PHARMACEUTICAL PREPARATIONS,False,,,0.75
556,CNR,4,3,0.75,0.0514,0.0902,0.1818,4667010000,BITUMINOUS COAL & LIGNITE MINING,False,,,0.75
557,COIN,4,3,0.75,0.1978,0.3234,0.3778,44310139132,Financials,False,,,0.75
558,CRC,4,3,0.75,0.0404,0.1029,0.129,5083635112,CRUDE PETROLEUM & NATURAL GAS,False,,,0.75
559,CRDO,4,3,0.75,0.2825,0.4705,0.6071,21935915955,SEMICONDUCTORS & RELATED DEVICES,False,,,0.75
560,CTVA,4,3,0.75,0.0898,0.1356,0.1577,50459475720,Materials,False,,,0.75
561,CUBI,4,3,0.75,0.0561,0.1259,0.1415,2486727648,STATE COMMERCIAL BANKS,False,,,0.75
562,CWEN,4,3,0.75,0.0994,0.1177,0.1203,4871529129,ELECTRIC SERVICES,False,,,0.75
563,DB,4,3,0.75,0.0971,0.1292,0.1976,67405226308,,False,,,0.75
564,DBVT,4,3,0.75,0.3008,0.4911,0.6735,1148631542,"BIOLOGICAL PRODUCTS, (NO DIAGNOSTIC SUBSTANCES)",False,,,0.75
565,DHI,4,3,0.75,0.1053,0.2107,0.241,48606435613,Consumer Discretionary,False,,,0.75
566,DNLI,4,3,0.75,0.0581,0.1539,0.2056,2931092492,"BIOLOGICAL PRODUCTS, (NO DIAGNOSTIC SUBSTANCES)",False,,,0.75
567,EA,4,3,0.75,0.066,0.1034,0.1311,50205899902,Software,False,,,0.75
568,NHC,4,3,0.75,0.0866,0.1236,0.1556,2632783281,SERVICES-SKILLED NURSING CARE FACILITIES,False,,,0.75
569,EVR,4,3,0.75,0.1472,0.2448,0.3294,12465183546,INVESTMENT ADVICE,False,,,0.75
570,EXK,4,3,0.75,0.1249,0.2965,0.4136,3456585613,,False,,,0.75
571,EYE,4,3,0.75,0.1283,0.1864,0.438,2238115726,OPHTHALMIC GOODS,False,,,0.75
572,FCFS,4,3,0.75,0.0345,0.104,0.1341,8000376355,RETAIL-MISCELLANEOUS RETAIL,False,,,0.75
573,GRND,4,3,0.75,0.0812,0.1701,0.2586,1862119939,"SERVICES-COMPUTER PROGRAMMING, DATA PROCESSING, ETC.",False,,,0.75
574,GT,4,3,0.75,0.0849,0.1442,0.1977,2702172104,TIRES & INNER TUBES,False,,,0.75
575,GTLS,4,3,0.75,0.1245,0.1264,0.1693,9294922091,FABRICATED PLATE WORK (BOILER SHOPS),False,,,0.75
576,FROG,4,3,0.75,0.1896,0.1902,0.2764,6114407261,SERVICES-PREPACKAGED SOFTWARE,False,,,0.75
577,FSM,4,3,0.75,0.1001,0.1758,0.2508,3373122845,,False,,,0.75
578,GENI,8,6,0.75,0.1181,0.1439,0.1476,1382177914,,False,,,0.75
579,GGAL,4,3,0.75,0.4186,0.4186,0.4601,7385554650,,False,,,0.75
580,GLBE,4,3,0.75,0.0404,0.043,0.0707,5373527439,,False,,,0.75
581,GMED,4,3,0.75,0.122,0.1476,0.2638,11789892132,SURGICAL & MEDICAL INSTRUMENTS & APPARATUS,False,,,0.75
582,GOOS,4,3,0.75,0.188,0.2604,0.3184,1187880931,,False,,,0.75
583,HG,4,3,0.75,0.0542,0.0664,0.1261,3040353934,"FIRE, MARINE & CASUALTY INSURANCE",False,,,0.75
584,HIMS,4,3,0.75,0.2779,0.2779,0.284,3710670778,SERVICES-OFFICES & CLINICS OF DOCTORS OF MEDICINE,False,,,0.75
585,IBKR,4,3,0.75,0.0982,0.1657,0.2545,33290967745,"SECURITY BROKERS, DEALERS & FLOTATION COMPANIES",False,,,0.75
586,IMAX,4,3,0.75,0.086,0.1084,0.1608,1941065538,PHOTOGRAPHIC EQUIPMENT & SUPPLIES,False,,,0.75
587,IMVT,4,3,0.75,0.1509,0.2844,0.3423,5240953635,"BIOLOGICAL PRODUCTS, (NO DIAGNOSTIC SUBSTANCES)",False,,,0.75
588,INCY,4,3,0.75,0.0693,0.1495,0.2104,20120364534,Biotechnology,False,,,0.75
589,INTC,4,3,0.75,0.1616,0.2888,0.4123,233724402763,Semiconductors,False,,,0.75
590,JBL,4,3,0.75,0.1069,0.2445,0.3716,26882443072,Technology,False,,,0.75
591,KMT,4,3,0.75,0.1203,0.1605,0.2714,3016710175,"MACHINE TOOLS, METAL CUTTING TYPES",False,,,0.75
592,KN,4,3,0.75,0.0488,0.0833,0.1399,2317293208,HOUSEHOLD AUDIO & VIDEO EQUIPMENT,False,,,0.75
593,KWR,4,3,0.75,0.0906,0.1349,0.1647,3109761876,MISCELLANEOUS PRODUCTS OF PETROLEUM & COAL,False,,,0.75
594,LAR,4,3,0.75,0.2299,0.4354,0.4416,1121921420,,False,,,0.75
595,LAUR,4,3,0.75,0.0443,0.1284,0.1783,5124025762,SERVICES-EDUCATIONAL SERVICES,False,,,0.75
596,LGND,4,3,0.75,0.117,0.2477,0.3048,3618090587,PHARMACEUTICAL PREPARATIONS,False,,,0.75
597,LION,4,3,0.75,0.0043,0.1184,0.1637,2347614787,SERVICES-MOTION PICTURE & VIDEO TAPE PRODUCTION,False,,,0.75
598,LOGI,4,3,0.75,0.0359,0.0931,0.129,13106517661,"COMPUTER PERIPHERAL EQUIPMENT, NEC",False,,,0.75
599,MTD,4,3,0.75,0.0427,0.0712,0.1216,27661648987,Health Care,False,,,0.75
600,MCK,4,3,0.75,0.0964,0.1292,0.1393,114495149496,Health Care,False,,,0.75
601,MEDP,4,3,0.75,0.0506,0.1296,0.1612,12148040562,SERVICES-COMMERCIAL PHYSICAL & BIOLOGICAL RESEARCH,False,,,0.75
602,MGA,4,3,0.75,0.0359,0.0965,0.1331,19261033072,,False,,,0.75
603,MHO,4,3,0.75,0.1607,0.2314,0.2314,3911293976,OPERATIVE BUILDERS,False,,,0.75
604,MIR,4,3,0.75,0.086,0.1832,0.2196,5650970659,"MEASURING & CONTROLLING DEVICES, NEC",False,,,0.75
605,NWG,4,3,0.75,0.0696,0.1195,0.1582,64051468224,,False,,,0.75
606,NX,4,3,0.75,0.0554,0.0913,0.1462,1012482336,ROLLING DRAWING & EXTRUDING OF NONFERROUS METALS,False,,,0.75
607,MSFT,4,3,0.75,0.0475,0.1247,0.1794,2980053460780,Software,False,,,0.75
608,NEU,4,3,0.75,0.0815,0.1498,0.2279,5570757379,INDUSTRIAL ORGANIC CHEMICALS,False,,,0.75
609,NEXT,4,3,0.75,0.1135,0.2516,0.28,1376967321,NATURAL GAS TRANSMISSION & DISTRIBUTION,False,,,0.75
610,NUE,4,3,0.75,0.0828,0.1041,0.1773,41933772088,Materials,False,,,0.75
611,PEGA,4,3,0.75,0.0505,0.0776,0.1347,7412566946,SERVICES-COMPUTER PROCESSING & DATA PREPARATION,False,,,0.75
612,OCUL,4,3,0.75,0.0685,0.2019,0.3895,1933102997,PHARMACEUTICAL PREPARATIONS,False,,,0.75
613,OI,4,3,0.75,0.0743,0.1658,0.1898,2253428197,GLASS CONTAINERS,False,,,0.75
614,OSK,4,3,0.75,0.115,0.2068,0.3097,10821548894,MOTOR VEHICLES & PASSENGER CAR BODIES,False,,,0.75
615,OUT,4,3,0.75,0.065,0.0964,0.2262,4187553257,REAL ESTATE INVESTMENT TRUSTS,False,,,0.75
616,PAGS,4,3,0.75,0.1044,0.1484,0.1551,3069855289,,False,,,0.75
617,PATK,4,3,0.75,0.0204,0.1065,0.1477,4761809337,MOTOR VEHICLE PARTS & ACCESSORIES,False,,,0.75
618,PLPC,4,3,0.75,0.0792,0.1332,0.1929,1367720046,"WATER, SEWER, PIPELINE, COMM & POWER LINE CONSTRUCTION",False,,,0.75
619,PM,4,3,0.75,0.0763,0.1221,0.1412,291892987858,Consumer Staples,False,,,0.75
620,SBET,4,3,0.75,10.8466,10.8466,10.8466,1347348358,SERVICES-PREPACKAGED SOFTWARE,False,,,0.75
621,SBH,4,3,0.75,0.1391,0.3516,0.4264,1583183844,"RETAIL-RETAIL STORES, NEC",False,,,0.75
622,RBLX,4,3,0.75,0.2446,0.4428,0.55,44768960988,SERVICES-PREPACKAGED SOFTWARE,False,,,0.75
623,RCL,4,3,0.75,0.1499,0.2714,0.3246,86463550921,Consumer Discretionary,True,,,0.75
624,RDDT,4,3,0.75,0.1093,0.3471,0.4013,26678147235,SERVICES-COMPUTER PROCESSING & DATA PREPARATION,False,,,0.75
625,RDW,4,3,0.75,0.4236,0.5411,0.5411,1324509279,GUIDED MISSILES & SPACE VEHICLES & PARTS,False,,,0.75
626,RERE,4,3,0.75,0.1429,0.304,0.3106,1254570103,,False,,,0.75
627,RIG,8,6,0.75,0.1133,0.1841,0.2256,7205001202,DRILLING OIL & GAS WELLS,False,,,0.75
628,ROG,4,3,0.75,0.0421,0.0796,0.1292,1938549147,"PLASTIC MATERIALS, SYNTH RESINS & NONVULCAN ELASTOMERS",False,,,0.75
629,ROKU,4,3,0.75,0.113,0.1865,0.2248,13306524496,CABLE & OTHER PAY TELEVISION SERVICES,False,,,0.75
630,RSI,4,3,0.75,0.114,0.2246,0.3036,1569528414,SERVICES-MISCELLANEOUS AMUSEMENT & RECREATION,False,,,0.75
631,RVLV,4,3,0.75,0.0343,0.0956,0.1876,1789775931,RETAIL-CATALOG & MAIL-ORDER HOUSES,False,,,0.75
632,SQM,4,3,0.75,0.1554,0.2285,0.3285,20254576965,,False,,,0.75
633,SCCO,4,3,0.75,0.0743,0.1213,0.1726,163560345300,METAL MINING,False,,,0.75
634,SGHC,4,3,0.75,0.1888,0.2144,0.3457,4530512833,,False,,,0.75
635,SGI,4,3,0.75,0.0657,0.1283,0.1694,20159531858,HOUSEHOLD FURNITURE,False,,,0.75
636,SIG,4,3,0.75,0.0771,0.1464,0.2288,3665261379,RETAIL-JEWELRY STORES,False,,,0.75
637,SKWD,4,3,0.75,0.0828,0.1509,0.1643,1998543039,"FIRE, MARINE & CASUALTY INSURANCE",False,,,0.75
638,SKYW,4,3,0.75,0.0444,0.0928,0.1133,4177623263,"AIR TRANSPORTATION, SCHEDULED",False,,,0.75
639,ULCC,4,3,0.75,0.1376,0.2095,0.2231,1221028151,"AIR TRANSPORTATION, SCHEDULED",False,,,0.75
640,SMR,4,3,0.75,0.489,0.6174,0.8479,4047490227,Nuclear,True,,,0.75
641,SNOW,4,3,0.75,0.1192,0.1819,0.1874,62379638000,SERVICES-PREPACKAGED SOFTWARE,False,,,0.75
642,SOFI,8,6,0.75,0.1481,0.2362,0.3407,24780327575,FINANCE SERVICES,False,,,0.75
643,SONO,4,3,0.75,0.0738,0.1615,0.1741,1874734910,HOUSEHOLD AUDIO & VIDEO EQUIPMENT,False,,,0.75
644,STNG,4,3,0.75,0.0847,0.1637,0.197,3649794322,,False,,,0.75
645,STVN,4,3,0.75,0.1024,0.133,0.148,4370789140,,False,,,0.75
646,UMC,4,3,0.75,0.0627,0.1107,0.1639,26233717822,,False,,,0.75
647,TEL,4,3,0.75,0.035,0.0606,0.1537,69306240939,Technology,False,,,0.75
648,URI,4,3,0.75,0.0614,0.1295,0.1704,54781298686,Industrials,False,,,0.75
649,UTI,4,3,0.75,0.1823,0.2057,0.2057,1669872357,SERVICES-EDUCATIONAL SERVICES,False,,,0.75
650,TPR,4,3,0.75,0.0954,0.1373,0.2571,31138997497,Consumer Discretionary,False,,,0.75
651,UNIT,4,3,0.75,0.2481,0.2739,0.3054,1998343676,TELEPHONE COMMUNICATIONS (NO RADIOTELEPHONE),False,,,0.75
652,WPM,4,3,0.75,0.0596,0.1054,0.1338,66241209567,,False,,,0.75
653,VERA,4,3,0.75,0.142,0.1539,0.2407,2997066495,PHARMACEUTICAL PREPARATIONS,False,,,0.75
654,VIK,4,3,0.75,0.0984,0.1789,0.2493,33368367217,,False,,,0.75
655,VSCO,4,3,0.75,0.1175,0.272,0.4114,4698942810,RETAIL-WOMEN'S CLOTHING STORES,False,,,0.75
656,VST,4,3,0.75,0.1552,0.2331,0.2959,58105183280,Nuclear,False,,,0.75
657,FER,7,5,0.7143,0.0746,0.1343,0.1646,51880231947,Aerospace & Defense,False,,,0.7143
658,GLUE,7,5,0.7143,0.2295,0.4366,0.7634,1366270277,"BIOLOGICAL PRODUCTS, (NO DIAGNOSTIC SUBSTANCES)",False,,,0.7143
659,KRYS,7,5,0.7143,0.0655,0.1191,0.2452,8016364127,"BIOLOGICAL PRODUCTS, (NO DIAGNOSTIC SUBSTANCES)",False,,,0.7143
660,KW,7,5,0.7143,0.0782,0.1368,0.1773,1363874456,REAL ESTATE,False,,,0.7143
661,LB,7,5,0.7143,0.1627,0.2344,0.2344,1816442484,OIL ROYALTY TRADERS,False,,,0.7143
662,PLTR,7,5,0.7143,0.173,0.2694,0.3106,313207369176,Software,True,,,0.7143
663,SHG,7,5,0.7143,0.0963,0.1989,0.2426,33145113958,,False,,,0.7143
664,TALO,7,5,0.7143,0.0966,0.1048,0.1462,2230252688,CRUDE PETROLEUM & NATURAL GAS,False,,,0.7143
665,TXG,7,5,0.7143,0.177,0.2351,0.379,2313766881,LABORATORY ANALYTICAL INSTRUMENTS,False,,,0.7143
666,VAL,7,5,0.7143,0.066,0.12,0.1728,6643399658,DRILLING OIL & GAS WELLS,False,,,0.7143
667,ELF,3,2,0.6667,0.3194,0.4083,0.4083,4812757478,"PERFUMES, COSMETICS & OTHER TOILET PREPARATIONS",False,,,0.6667
668,AAP,3,2,0.6667,0.0496,0.2525,0.2571,3532309118,RETAIL-AUTO & HOME SUPPLY STORES,False,,,0.6667
669,ABEV,3,2,0.6667,0.094,0.1129,0.1517,48567393745,,False,,,0.6667
670,ACM,3,2,0.6667,0.1208,0.1611,0.1867,11417478385,SERVICES-ENGINEERING SERVICES,False,,,0.6667
671,ACT,3,2,0.6667,0.0903,0.1075,0.1125,6250892753,"INSURANCE AGENTS, BROKERS & SERVICE",False,,,0.6667
672,ADNT,3,2,0.6667,0.1744,0.2701,0.3216,2122260642,MOTOR VEHICLE PARTS & ACCESSORIES,False,,,0.6667
673,AER,3,2,0.6667,0.043,0.0644,0.1032,24481117648,,False,,,0.6667
674,AGYS,3,2,0.6667,0.0927,0.1114,0.1114,2290822130,SERVICES-COMPUTER INTEGRATED SYSTEMS DESIGN,False,,,0.6667
675,AIT,3,2,0.6667,0.0535,0.0535,0.1153,10438714809,"WHOLESALE-MACHINERY, EQUIPMENT & SUPPLIES",False,,,0.6667
676,ALK,3,2,0.6667,0.06,0.0745,0.1108,6336232941,"AIR TRANSPORTATION, SCHEDULED",False,,,0.6667
677,ALLE,3,2,0.6667,0.1028,0.1305,0.1819,15442735563,Industrials,False,,,0.6667
678,EMR,3,2,0.6667,0.0657,0.1171,0.1417,83249060000,Industrials,False,,,0.6667
679,APPF,3,2,0.6667,0.1048,0.1117,0.1117,6420963054,SERVICES-PREPACKAGED SOFTWARE,False,,,0.6667
680,ARGX,6,4,0.6667,0.0959,0.1252,0.1632,50865684395,,False,,,0.6667
681,AXGN,3,2,0.6667,0.1675,0.3054,0.3654,1667123047,ELECTROMEDICAL & ELECTROTHERAPEUTIC APPARATUS,False,,,0.6667
682,BAH,3,2,0.6667,0.0739,0.106,0.106,9565546935,SERVICES-MANAGEMENT CONSULTING SERVICES,False,,,0.6667
683,BFC,6,4,0.6667,0.0848,0.1099,0.1352,1637826686,NATIONAL COMMERCIAL BANKS,False,,,0.6667
684,BIO,3,2,0.6667,0.09,0.0983,0.1757,6920663667,LABORATORY ANALYTICAL INSTRUMENTS,False,,,0.6667
685,BIRK,3,2,0.6667,0.0901,0.1647,0.1647,7319461028,,False,,,0.6667
686,BKE,6,4,0.6667,0.0543,0.1083,0.1723,2734321659,RETAIL-FAMILY CLOTHING STORES,False,,,0.6667
687,BMA,3,2,0.6667,0.281,0.2872,0.4024,5536680717,,False,,,0.6667
688,BN,3,2,0.6667,0.0189,0.0489,0.0908,107268801594,,False,,,0.6667
689,BOKF,3,2,0.6667,0.0237,0.0678,0.0839,8136484449,NATIONAL COMMERCIAL BANKS,False,,,0.6667
690,BPOP,3,2,0.6667,0.0698,0.1059,0.141,9373555882,STATE COMMERCIAL BANKS,False,,,0.6667
691,BULL,3,2,0.6667,0.1109,0.1109,0.1109,3015919160,,False,,,0.6667
692,BURL,6,4,0.6667,0.0499,0.0783,0.1056,19027238804,RETAIL-DEPARTMENT STORES,False,,,0.6667
693,BV,3,2,0.6667,0.1491,0.221,0.2274,1287714000,,False,,,0.6667
694,CCB,3,2,0.6667,0.0596,0.1021,0.1056,1263751826,STATE COMMERCIAL BANKS,False,,,0.6667
695,CDNS,3,2,0.6667,0.0538,0.1232,0.1295,81513311460,Software,False,,,0.6667
696,CEG,3,2,0.6667,0.1493,0.1618,0.1955,104495327774,Nuclear,True,,,0.6667
697,CERT,3,2,0.6667,0.0688,0.1241,0.1241,1054389689,SERVICES-PREPACKAGED SOFTWARE,False,,,0.6667
698,CFG,3,2,0.6667,0.0504,0.1096,0.1535,27943665527,Financials,False,,,0.6667
699,CG,3,2,0.6667,0.0911,0.1809,0.2423,19474726000,INVESTMENT ADVICE,False,,,0.6667
700,CHDN,3,2,0.6667,0.0807,0.1241,0.1241,6222592936,"SERVICES-RACING, INCLUDING TRACK OPERATION",False,,,0.6667
701,CHTR,3,2,0.6667,0.0444,0.0886,0.1207,30276337289,Communication Services,False,,,0.6667
702,CIB,6,4,0.6667,0.0758,0.0959,0.2396,18375565054,,False,,,0.6667
703,CME,3,2,0.6667,0.0713,0.094,0.1162,108957431250,Financials,False,,,0.6667
704,CMP,3,2,0.6667,0.2576,0.2927,0.392,1004299919,MINING & QUARRYING OF NONMETALLIC MINERALS (NO FUELS),False,,,0.6667
705,DAKT,3,2,0.6667,0.0574,0.0905,0.2365,1340077489,MISCELLANEOUS MANUFACTURING INDUSTRIES,False,,,0.6667
706,CRGY,3,2,0.6667,0.0658,0.0749,0.0956,3359346090,CRUDE PETROLEUM & NATURAL GAS,False,,,0.6667
707,CRS,3,2,0.6667,0.0757,0.1423,0.2275,18917730516,"STEEL WORKS, BLAST FURNACES & ROLLING MILLS (COKE OVENS)",False,,,0.6667
708,CSL,3,2,0.6667,0.1085,0.1571,0.1571,17092052996,"FABRICATED RUBBER PRODUCTS, NEC",False,,,0.6667
709,CUK,3,2,0.6667,0.1102,0.2034,0.2304,41425984602,WATER TRANSPORTATION,False,,,0.6667
710,CVE,6,4,0.6667,0.0393,0.0587,0.1227,41425403160,,False,,,0.6667
711,NGG,3,2,0.6667,0.1021,0.1309,0.1508,91869463686,,False,,,0.6667
712,DAWN,3,2,0.6667,0.0704,0.0883,0.2857,1165366947,PHARMACEUTICAL PREPARATIONS,False,,,0.6667
713,DCI,3,2,0.6667,0.0291,0.0439,0.1251,12624753759,INDUSTRIAL & COMMERCIAL FANS & BLOWERS & AIR PURIFYING EQUIP,False,,,0.6667
714,DEC,6,4,0.6667,0.0454,0.0656,0.1072,1012904424,,False,,,0.6667
715,DLX,3,2,0.6667,0.0539,0.1469,0.2423,1179650873,"BLANKBOOKS, LOOSELEAF BINDERS & BOOKBINDG & RELATD WORK",False,,,0.6667
716,DNTH,3,2,0.6667,0.2315,0.3947,0.5447,2048774466,PHARMACEUTICAL PREPARATIONS,False,,,0.6667
717,DTM,3,2,0.6667,0.0311,0.0754,0.1127,13543983549,NATURAL GAS TRANSMISSION,False,,,0.6667
718,EBC,3,2,0.6667,0.0276,0.0839,0.1169,4748054396,"SAVINGS INSTITUTION, FEDERALLY CHARTERED",False,,,0.6667
719,NGVT,6,4,0.6667,0.104,0.1571,0.1686,2753765930,CHEMICALS & ALLIED PRODUCTS,False,,,0.6667
720,EXEL,3,2,0.6667,0.0989,0.0989,0.163,11406405620,"BIOLOGICAL PRODUCTS, (NO DIAGNOSTIC SUBSTANCES)",False,,,0.6667
721,NIC,3,2,0.6667,0.0605,0.0827,0.1501,2298588149,NATIONAL COMMERCIAL BANKS,False,,,0.6667
722,FBNC,3,2,0.6667,0.0586,0.1209,0.1579,2526537211,STATE COMMERCIAL BANKS,False,,,0.6667
723,GRDN,3,2,0.6667,0.1643,0.2134,0.2423,2118708413,RETAIL-DRUG STORES AND PROPRIETARY STORES,False,,,0.6667
724,GSAT,3,2,0.6667,0.2189,0.3443,0.6994,7617915144,"COMMUNICATIONS SERVICES, NEC",False,,,0.6667
725,GVA,3,2,0.6667,0.1015,0.159,0.1848,5695935905,HEAVY CONSTRUCTION OTHER THAN BLDG CONST - CONTRACTORS,False,,,0.6667
726,H,3,2,0.6667,0.0338,0.0901,0.0973,15705883268,HOTELS & MOTELS,False,,,0.6667
727,HAL,3,2,0.6667,0.0602,0.0846,0.151,28443141796,Energy,True,,,0.6667
728,FOXA,3,2,0.6667,0.0371,0.0807,0.1211,23971068995,Communication Services,False,,,0.6667
729,FRPT,3,2,0.6667,0.0319,0.1026,0.1691,3305300581,GRAIN MILL PRODUCTS,False,,,0.6667
730,FSS,3,2,0.6667,0.0952,0.1912,0.2606,7326825442,MOTOR VEHICLES & PASSENGER CAR BODIES,False,,,0.6667
731,FUTU,6,4,0.6667,0.1409,0.2169,0.3178,20427459240,,False,,,0.6667
732,GILT,3,2,0.6667,0.1176,0.3456,0.477,1007407802,,False,,,0.6667
733,GNRC,3,2,0.6667,0.0812,0.1909,0.1909,13171638613,Industrials,False,,,0.6667
734,GPOR,6,4,0.6667,0.0635,0.1265,0.1414,3940051571,CRUDE PETROLEUM & NATURAL GAS,False,,,0.6667
735,GRAB,3,2,0.6667,0.0666,0.1197,0.1432,16887570000,,False,,,0.6667
736,HALO,3,2,0.6667,0.0912,0.1278,0.1551,9341905680,"BIOLOGICAL PRODUCTS, (NO DIAGNOSTIC SUBSTANCES)",False,,,0.6667
737,HCSG,3,2,0.6667,0.0749,0.092,0.1645,1521134439,SERVICES-NURSING & PERSONAL CARE FACILITIES,False,,,0.6667
738,NN,3,2,0.6667,0.0798,0.0939,0.147,2169400025,"SEARCH, DETECTION, NAVIGATION, GUIDANCE, AERONAUTICAL SYS",False,,,0.6667
739,HRMY,3,2,0.6667,0.121,0.1505,0.1662,2074044851,PHARMACEUTICAL PREPARATIONS,False,,,0.6667
740,HTZ,6,4,0.6667,0.2259,0.5691,0.5691,1570428241,SERVICES-AUTO RENTAL & LEASING (NO DRIVERS),False,,,0.6667
741,HUBB,3,2,0.6667,0.0508,0.0956,0.1596,27863058840,Industrials,False,,,0.6667
742,IBP,6,4,0.6667,0.1419,0.2181,0.248,9284648125,GENERAL BLDG CONTRACTORS - RESIDENTIAL BLDGS,False,,,0.6667
743,KEY,3,2,0.6667,0.0286,0.0773,0.084,23922101700,Financials,False,,,0.6667
744,ICUI,3,2,0.6667,0.0596,0.0724,0.1175,3577097034,SURGICAL & MEDICAL INSTRUMENTS & APPARATUS,False,,,0.6667
745,IDT,3,2,0.6667,0.0857,0.0985,0.1608,1222576399,TELEPHONE COMMUNICATIONS (NO RADIOTELEPHONE),False,,,0.6667
746,ILMN,3,2,0.6667,0.0865,0.1375,0.1842,17860249000,LABORATORY ANALYTICAL INSTRUMENTS,False,,,0.6667
747,NOG,3,2,0.6667,0.0661,0.0788,0.0788,2533773308,CRUDE PETROLEUM & NATURAL GAS,False,,,0.6667
748,INOD,3,2,0.6667,0.2403,0.2595,0.5162,1414307614,SERVICES-COMPUTER PROCESSING & DATA PREPARATION,False,,,0.6667
749,INTU,3,2,0.6667,0.0298,0.1112,0.2047,111142666353,Software,False,,,0.6667
750,IPGP,3,2,0.6667,0.0603,0.0877,0.1167,6483776881,SEMICONDUCTORS & RELATED DEVICES,False,,,0.6667
751,JNJ,3,2,0.6667,0.0471,0.0796,0.1155,586689895969,Health Care,False,,,0.6667
752,LUV,3,2,0.6667,0.0831,0.115,0.1187,25111262468,Industrials,False,,,0.6667
753,LYFT,3,2,0.6667,0.2615,0.2634,0.298,5282887865,"SERVICES-BUSINESS SERVICES, NEC",False,,,0.6667
754,KTB,3,2,0.6667,0.0667,0.1179,0.1282,3750345065,"MEN'S & BOYS' FURNISHGS, WORK CLOTHG, & ALLIED GARMENTS",False,,,0.6667
755,KYMR,3,2,0.6667,0.1309,0.2976,0.517,6587119883,"BIOLOGICAL PRODUCTS, (NO DIAGNOSTIC SUBSTANCES)",False,,,0.6667
756,LBRT,3,2,0.6667,0.1043,0.1719,0.2987,4197134523,"OIL & GAS FIELD SERVICES, NEC",False,,,0.6667
757,LOB,3,2,0.6667,0.0659,0.153,0.1699,1866153577,STATE COMMERCIAL BANKS,False,,,0.6667
758,LSCC,3,2,0.6667,0.0403,0.0827,0.1377,13354455646,SEMICONDUCTORS & RELATED DEVICES,False,,,0.6667
759,MTG,3,2,0.6667,0.0286,0.0646,0.0966,5776342220,SURETY INSURANCE,False,,,0.6667
760,MANU,3,2,0.6667,0.0697,0.1409,0.1807,3007255186,,False,,,0.6667
761,MCW,3,2,0.6667,0.0149,0.0722,0.0973,1955583174,"SERVICES-AUTOMOTIVE REPAIR, SERVICES & PARKING",False,,,0.6667
762,MGM,3,2,0.6667,0.0867,0.1267,0.1471,8733985638,Consumer Discretionary,False,,,0.6667
763,MGNI,3,2,0.6667,0.2833,0.4905,0.5418,1680680067,"SERVICES-COMPUTER PROGRAMMING, DATA PROCESSING, ETC.",False,,,0.6667
764,MLM,3,2,0.6667,0.0866,0.1171,0.1397,40940107096,Industrials,False,,,0.6667
765,MNST,3,2,0.6667,0.0415,0.1003,0.1368,79607688679,Consumer Staples,False,,,0.6667
766,MOS,3,2,0.6667,0.0847,0.1899,0.2189,9411143553,Materials,False,,,0.6667
767,MPWR,3,2,0.6667,0.109,0.1498,0.2332,57061132230,Semiconductors,False,,,0.6667
768,MSTR,3,2,0.6667,0.1425,0.224,0.2242,44484025380,Software,True,,,0.6667
769,NEO,3,2,0.6667,0.1492,0.2964,0.3765,1472433175,SERVICES-TESTING LABORATORIES,False,,,0.6667
770,NEOG,3,2,0.6667,0.0642,0.156,0.3055,2379734232,IN VITRO & IN VIVO DIAGNOSTIC SUBSTANCES,False,,,0.6667
771,NET,6,4,0.6667,0.1166,0.1973,0.2573,68917068950,SERVICES-PREPACKAGED SOFTWARE,False,,,0.6667
772,PDM,3,2,0.6667,0.0919,0.0956,0.1223,1027284043,OPERATORS OF NONRESIDENTIAL BUILDINGS,False,,,0.6667
773,PDS,3,2,0.6667,0.0552,0.0993,0.125,1129645052,,False,,,0.6667
774,PFGC,3,2,0.6667,0.0453,0.0656,0.1174,15395699158,"WHOLESALE-GROCERIES, GENERAL LINE",False,,,0.6667
775,ODD,3,2,0.6667,0.1138,0.3057,0.3535,1612883553,,False,,,0.6667
776,OII,6,4,0.6667,0.0557,0.0929,0.1199,3307548244,"OIL & GAS FIELD SERVICES, NEC",False,,,0.6667
777,OMCL,3,2,0.6667,0.0966,0.1601,0.2537,1637993053,ELECTRONIC COMPUTERS,False,,,0.6667
778,ONC,9,6,0.6667,0.0561,0.1082,0.1741,38295394334,PHARMACEUTICAL PREPARATIONS,False,,,0.6667
779,OPEN,3,2,0.6667,1.6393,3.1193,4.7815,4239588188,REAL ESTATE AGENTS & MANAGERS (FOR OTHERS),False,,,0.6667
780,OSW,3,2,0.6667,0.045,0.0884,0.1074,2314319048,SERVICES-MEMBERSHIP SPORTS & RECREATION CLUBS,False,,,0.6667
781,PACS,3,2,0.6667,0.0214,0.4338,0.683,5921618594,SERVICES-SKILLED NURSING CARE FACILITIES,False,,,0.6667
782,PAX,3,2,0.6667,0.0658,0.1074,0.1468,2218207558,,False,,,0.6667
783,PAYC,6,4,0.6667,0.048,0.0886,0.1443,6866988000,Industrials,False,,,0.6667
784,PCVX,3,2,0.6667,0.1035,0.1612,0.2418,7766393828,"BIOLOGICAL PRODUCTS, (NO DIAGNOSTIC SUBSTANCES)",False,,,0.6667
785,QXO,3,2,0.6667,0.1257,0.2257,0.3496,19179414398,WHOLESALE-LUMBER & OTHER CONSTRUCTION MATERIALS,False,,,0.6667
786,PI,3,2,0.6667,0.2564,0.2944,0.5008,3659243273,"ELECTRONIC COMPONENTS, NEC",False,,,0.6667
787,PIPR,3,2,0.6667,0.0444,0.1123,0.1745,5453799000,"SECURITY BROKERS, DEALERS & FLOTATION COMPANIES",False,,,0.6667
788,PODD,3,2,0.6667,0.0843,0.1696,0.1696,17076006020,Health Care,False,,,0.6667
789,UCTT,3,2,0.6667,0.0694,0.0822,0.1271,2513990804,SEMICONDUCTORS & RELATED DEVICES,False,,,0.6667
790,PZZA,3,2,0.6667,0.1095,0.1431,0.1431,1042375534,RETAIL-EATING PLACES,False,,,0.6667
791,QCRH,3,2,0.6667,0.0502,0.0748,0.1172,1541877905,STATE COMMERCIAL BANKS,False,,,0.6667
792,QSR,3,2,0.6667,0.0499,0.092,0.1013,22905814133,RETAIL-EATING PLACES,False,,,0.6667
793,QURE,6,4,0.6667,0.4369,0.6263,0.6782,1276979091,PHARMACEUTICAL PREPARATIONS,False,,,0.6667
794,SATS,3,2,0.6667,0.2857,0.2879,0.9681,32573205042,"COMMUNICATIONS SERVICES, NEC",False,,,0.6667
795,SBAC,3,2,0.6667,0.0664,0.0765,0.095,21394653510,Real Estate,False,,,0.6667
796,UEC,3,2,0.6667,0.1652,0.2947,0.6062,7502017279,Nuclear,True,,,0.6667
797,RDNT,6,4,0.6667,0.0778,0.1178,0.1721,5381996353,SERVICES-MEDICAL LABORATORIES,False,,,0.6667
798,RIO,3,2,0.6667,0.0223,0.089,0.1819,195762678224,,False,,,0.6667
799,RKT,6,4,0.6667,0.0993,0.2514,0.3275,52600825424,MORTGAGE BANKERS & LOAN CORRESPONDENTS,False,,,0.6667
800,RLX,3,2,0.6667,0.1067,0.1067,0.1287,2863342481,,False,,,0.6667
801,UFPT,3,2,0.6667,0.1306,0.1309,0.1624,1895795859,SURGICAL & MEDICAL INSTRUMENTS & APPARATUS,False,,,0.6667
802,RRR,6,4,0.6667,0.0843,0.1434,0.1735,3694124772,HOTELS & MOTELS,False,,,0.6667
803,RTO,6,4,0.6667,0.0838,0.1032,0.1286,15314156899,,False,,,0.6667
804,RVMD,3,2,0.6667,0.1796,0.3729,0.7973,18618630419,"BIOLOGICAL PRODUCTS, (NO DIAGNOSTIC SUBSTANCES)",False,,,0.6667
805,RYTM,6,4,0.6667,0.1069,0.1691,0.2036,6544805011,PHARMACEUTICAL PREPARATIONS,False,,,0.6667
806,SAH,3,2,0.6667,0.1,0.1746,0.2128,2054120035,RETAIL-AUTO DEALERS & GASOLINE STATIONS,False,,,0.6667
807,SPXC,6,4,0.6667,0.0763,0.1113,0.179,11910701947,METALWORKG MACHINERY & EQUIPMENT,False,,,0.6667
808,SRPT,3,2,0.6667,0.0886,0.1626,0.1843,1864164056,PHARMACEUTICAL PREPARATIONS,False,,,0.6667
809,SF,3,2,0.6667,0.0521,0.082,0.0948,12098016000,"SECURITY BROKERS, DEALERS & FLOTATION COMPANIES",False,,,0.6667
810,SNX,3,2,0.6667,0.0294,0.0879,0.1045,13040987214,WHOLESALE-COMPUTERS & PERIPHERAL EQUIPMENT & SOFTWARE,False,,,0.6667
811,SPNT,3,2,0.6667,0.108,0.1327,0.173,2395868266,"FIRE, MARINE & CASUALTY INSURANCE",False,,,0.6667
812,TMDX,3,2,0.6667,0.1589,0.3403,0.426,4437194358,ELECTROMEDICAL & ELECTROTHERAPEUTIC APPARATUS,False,,,0.6667
813,SSRM,3,2,0.6667,0.2066,0.2955,0.4635,5706362017,MINERAL ROYALTY TRADERS,False,,,0.6667
814,STLA,3,2,0.6667,0.0365,0.0621,0.0872,22387611093,,False,,,0.6667
815,SVV,3,2,0.6667,0.2207,0.2574,0.2574,1763807921,RETAIL-MISCELLANEOUS RETAIL,False,,,0.6667
816,SWKS,3,2,0.6667,0.0808,0.1079,0.1198,9338201305,Semiconductors,False,,,0.6667
817,TBBK,3,2,0.6667,0.1115,0.2135,0.2701,2572255413,NATIONAL COMMERCIAL BANKS,False,,,0.6667
818,TCBK,3,2,0.6667,0.0773,0.0872,0.1327,1626449192,STATE COMMERCIAL BANKS,False,,,0.6667
819,THO,3,2,0.6667,0.0679,0.1352,0.1974,6065350240,MOTOR HOMES,False,,,0.6667
820,URBN,3,2,0.6667,0.0887,0.0887,0.2077,6293667939,RETAIL-FAMILY CLOTHING STORES,False,,,0.6667
821,TPB,3,2,0.6667,0.0562,0.0944,0.1744,2512953649,TOBACCO PRODUCTS,False,,,0.6667
822,TTD,3,2,0.6667,0.0893,0.0893,0.1379,12481583517,Communication Services,True,,,0.6667
823,TWST,3,2,0.6667,0.0744,0.0744,0.084,3011017783,"BIOLOGICAL PRODUCTS, (NO DIAGNOSTIC SUBSTANCES)",False,,,0.6667
824,TX,3,2,0.6667,0.0398,0.0595,0.1004,8568830144,,False,,,0.6667
825,UGP,3,2,0.6667,0.0914,0.141,0.2055,5482746166,,False,,,0.6667
826,WRB,3,2,0.6667,0.0907,0.1028,0.1269,26287773200,Financials,False,,,0.6667
827,WT,3,2,0.6667,0.0977,0.2203,0.2647,2302064680,"SECURITY BROKERS, DEALERS & FLOTATION COMPANIES",False,,,0.6667
828,VAC,3,2,0.6667,0.0664,0.1197,0.1261,1867424814,REAL ESTATE AGENTS & MANAGERS (FOR OTHERS),False,,,0.6667
829,VFC,3,2,0.6667,0.0388,0.1062,0.1349,7942645862,"MEN'S & BOYS' FURNISHGS, WORK CLOTHG, & ALLIED GARMENTS",False,,,0.6667
830,VICR,3,2,0.6667,0.0797,0.3644,0.5827,6964024486,"ELECTRONIC COMPONENTS, NEC",False,,,0.6667
831,VTOL,6,4,0.6667,0.0362,0.061,0.0949,1275372000,"AIR TRANSPORTATION, NONSCHEDULED",False,,,0.6667
832,VVX,3,2,0.6667,0.1312,0.1312,0.1344,2043599934,SERVICES-FACILITIES SUPPORT MANAGEMENT SERVICES,False,,,0.6667
833,WAT,3,2,0.6667,0.1017,0.1425,0.1425,31719210992,Health Care,False,,,0.6667
834,WFC,3,2,0.6667,0.0259,0.09,0.1009,268995987573,Financials,False,,,0.6667
835,WTS,3,2,0.6667,0.0357,0.0851,0.1125,10954117640,MISCELLANEOUS FABRICATED METAL PRODUCTS,False,,,0.6667
836,WTTR,3,2,0.6667,0.0886,0.1358,0.1827,1344928303,"OIL & GAS FIELD SERVICES, NEC",False,,,0.6667
837,XHR,3,2,0.6667,0.0509,0.087,0.111,1491294416,HOTELS & MOTELS,False,,,0.6667
838,XPEL,6,4,0.6667,0.0931,0.1462,0.2469,1486894445,"COATING, ENGRAVING & ALLIED SERVICES",False,,,0.6667
839,XPEV,3,2,0.6667,0.1129,0.1675,0.1675,17114133266,,False,,,0.6667
840,XYZ,3,2,0.6667,0.051,0.1116,0.1133,30261717000,Financials,False,,,0.6667
841,ZGN,3,2,0.6667,0.0893,0.12,0.1565,2805146622,,False,,,0.6667
842,ZLAB,3,2,0.6667,0.0512,0.0512,0.1025,2244751724,PHARMACEUTICAL PREPARATIONS,False,,,0.6667
843,AAPL,5,3,0.6,0.0467,0.0777,0.1119,3755141989200,Technology,False,,,0.6
844,ACHC,5,3,0.6,0.0459,0.0504,0.0795,1516750256,"SERVICES-SPECIALTY OUTPATIENT FACILITIES, NEC",False,,,0.6
845,ALGT,5,3,0.6,0.0786,0.1607,0.232,2037833994,"AIR TRANSPORTATION, SCHEDULED",False,,,0.6
846,APPN,5,3,0.6,0.0493,0.1696,0.2808,1688335852,SERVICES-PREPACKAGED SOFTWARE,False,,,0.6
847,BDC,5,3,0.6,0.0447,0.0754,0.1014,5880097270,DRAWING & INSULATING OF NONFERROUS WIRE,False,,,0.6
848,CAAP,5,3,0.6,0.0794,0.1404,0.1778,4560772597,,False,,,0.6
849,CGON,5,3,0.6,0.0579,0.1036,0.2011,4255150677,"BIOLOGICAL PRODUCTS, (NO DIAGNOSTIC SUBSTANCES)",False,,,0.6
850,CHEF,5,3,0.6,0.0734,0.0876,0.1113,2784518973,"WHOLESALE-GROCERIES, GENERAL LINE",False,,,0.6
851,EOSE,5,3,0.6,0.2145,0.4584,0.7109,3597489786,"MISCELLANEOUS ELECTRICAL MACHINERY, EQUIPMENT & SUPPLIES",False,,,0.6
852,COMP,5,3,0.6,0.1115,0.1284,0.2169,7539916519,SERVICES-COMPUTER PROGRAMMING SERVICES,False,,,0.6
853,CRSP,5,3,0.6,0.1062,0.2274,0.337,5093940507,"BIOLOGICAL PRODUCTS, (NO DIAGNOSTIC SUBSTANCES)",False,,,0.6
854,CSAN,5,3,0.6,0.0868,0.0929,0.1093,4580778431,,False,,,0.6
855,CTOS,5,3,0.6,0.1081,0.1366,0.1967,1644822594,"SERVICES-EQUIPMENT RENTAL & LEASING, NEC",False,,,0.6
856,EBAY,5,3,0.6,0.0377,0.1083,0.1478,37235760000,Consumer Discretionary,False,,,0.6
857,ECO,5,3,0.6,0.1015,0.1612,0.2247,1678139271,,False,,,0.6
858,FLYW,5,3,0.6,0.064,0.0889,0.1253,1339732444,"SERVICES-BUSINESS SERVICES, NEC",False,,,0.6
859,ESLT,5,3,0.6,0.0764,0.1102,0.1209,31425927890,,False,,,0.6
860,FDP,5,3,0.6,0.0383,0.092,0.1048,1932489729,,False,,,0.6
861,FIG,5,3,0.6,0.0337,0.0634,0.0747,11165681406,SERVICES-PREPACKAGED SOFTWARE,False,,,0.6
862,GRBK,5,3,0.6,0.0516,0.0754,0.0919,3510911247,OPERATIVE BUILDERS,False,,,0.6
863,GWRE,5,3,0.6,0.0778,0.2083,0.2097,10799985927,SERVICES-PREPACKAGED SOFTWARE,False,,,0.6
864,FSLY,5,3,0.6,0.1242,0.2668,0.3832,2728044000,SERVICES-PREPACKAGED SOFTWARE,False,,,0.6
865,HAYW,5,3,0.6,0.032,0.032,0.0641,3623784723,REFRIGERATION & SERVICE INDUSTRY MACHINERY,False,,,0.6
866,HCA,5,3,0.6,0.0463,0.0787,0.1098,120820838437,Health Care,False,,,0.6
867,HURN,5,3,0.6,0.0436,0.1006,0.1081,2161304221,SERVICES-MANAGEMENT CONSULTING SERVICES,False,,,0.6
868,LW,5,3,0.6,0.0663,0.1009,0.1271,6918995820,Consumer Staples,False,,,0.6
869,KT,5,3,0.6,0.0421,0.0913,0.1071,11362160855,,False,,,0.6
870,LAZ,5,3,0.6,0.0632,0.1262,0.1559,4910748450,INVESTMENT ADVICE,False,,,0.6
871,LLY,5,3,0.6,0.0855,0.1661,0.2118,981091716800,Health Care,False,,,0.6
872,LNTH,5,3,0.6,0.0563,0.1466,0.1692,4600711227,IN VITRO & IN VIVO DIAGNOSTIC SUBSTANCES,False,,,0.6
873,LSPD,5,3,0.6,0.0669,0.1197,0.1826,1234335441,,False,,,0.6
874,MBC,5,3,0.6,0.0509,0.0942,0.1056,1494728784,"WOOD HOUSEHOLD FURNITURE, (NO UPHOLSTERED)",False,,,0.6
875,META,5,3,0.6,0.0502,0.0864,0.1071,1618333699203,Communication Services,False,,,0.6
876,MFG,5,3,0.6,0.0536,0.1009,0.1829,121819924066,,False,,,0.6
877,MLCO,5,3,0.6,0.0816,0.1768,0.2223,2160360976,,False,,,0.6
878,MRP,5,3,0.6,0.0643,0.1123,0.1273,5307131799,REAL ESTATE,False,,,0.6
879,MUR,5,3,0.6,0.077,0.0876,0.1506,4798878758,CRUDE PETROLEUM & NATURAL GAS,False,,,0.6
880,NUVL,5,3,0.6,0.068,0.1178,0.143,7829400013,PHARMACEUTICAL PREPARATIONS,False,,,0.6
881,PEN,5,3,0.6,0.0869,0.0944,0.1262,13310627031,SURGICAL & MEDICAL INSTRUMENTS & APPARATUS,False,,,0.6
882,ORA,5,3,0.6,0.0733,0.0998,0.1523,7183799996,ELECTRIC SERVICES,False,,,0.6
883,OSCR,5,3,0.6,0.0605,0.1664,0.1717,3994986380,HOSPITAL & MEDICAL SERVICE PLANS,False,,,0.6
884,PAHC,5,3,0.6,0.107,0.2065,0.2707,2118344258,PHARMACEUTICAL PREPARATIONS,False,,,0.6
885,PAM,5,3,0.6,0.1329,0.1476,0.1629,4375836480,,False,,,0.6
886,PII,5,3,0.6,0.0764,0.1782,0.2173,3702265278,MISCELLANEOUS TRANSPORTATION EQUIPMENT,False,,,0.6
887,PRDO,5,3,0.6,0.1096,0.1533,0.1533,2021655420,SERVICES-EDUCATIONAL SERVICES,False,,,0.6
888,SRAD,5,3,0.6,0.0552,0.0931,0.0969,4874323856,,False,,,0.6
889,SDRL,5,3,0.6,0.0643,0.1164,0.1446,2660882134,DRILLING OIL & GAS WELLS,False,,,0.6
890,SLNO,5,3,0.6,0.1375,0.1752,0.1942,2000161331,PHARMACEUTICAL PREPARATIONS,False,,,0.6
891,SNEX,5,3,0.6,0.0872,0.0983,0.1285,6684875724,"SECURITY & COMMODITY BROKERS, DEALERS, EXCHANGES & SERVICES",False,,,0.6
892,SUPN,5,3,0.6,0.1231,0.1772,0.2233,2915132554,PHARMACEUTICAL PREPARATIONS,False,,,0.6
893,TAL,5,3,0.6,0.0415,0.0415,0.1041,6845869575,,False,,,0.6
894,UNFI,5,3,0.6,0.2005,0.2166,0.3145,2455552225,"WHOLESALE-GROCERIES, GENERAL LINE",False,,,0.6
895,USLM,5,3,0.6,0.0545,0.0732,0.1213,3106229215,MINING & QUARRYING OF NONMETALLIC MINERALS (NO FUELS),False,,,0.6
896,TRMD,5,3,0.6,0.0838,0.1051,0.1261,2623503784,,False,,,0.6
897,WRBY,5,3,0.6,0.1035,0.1445,0.178,2743821699,OPHTHALMIC GOODS,False,,,0.6
898,VCYT,5,3,0.6,0.06,0.1421,0.2258,2827588918,SERVICES-MEDICAL LABORATORIES,False,,,0.6
899,XENE,5,3,0.6,0.0615,0.1207,0.1409,3205367207,PHARMACEUTICAL PREPARATIONS,False,,,0.6
900,CPA,7,4,0.5714,0.0294,0.051,0.1089,6000812604,,False,,,0.5714
901,DASH,7,4,0.5714,0.0349,0.0789,0.1127,69106302536,Consumer Discretionary,False,,,0.5714
902,INSM,7,4,0.5714,0.1125,0.1456,0.3127,31724428513,Biotechnology,False,,,0.5714
903,PWR,7,4,0.5714,0.1205,0.1603,0.2167,78148654058,Industrials,False,,,0.5714
904,VET,7,4,0.5714,0.0281,0.0628,0.0978,1538943020,,False,,,0.5714
905,AMX,9,5,0.5556,0.0713,0.1131,0.1364,71772683375,,False,,,0.5556
906,AA,4,2,0.5,0.0644,0.1338,0.3265,15524893718,PRIMARY PRODUCTION OF ALUMINUM,False,,,0.5
907,ACLX,4,2,0.5,0.0739,0.113,0.1646,3960866663,"BIOLOGICAL PRODUCTS, (NO DIAGNOSTIC SUBSTANCES)",False,,,0.5
908,ADM,4,2,0.5,0.0347,0.0713,0.1137,33404402279,Consumer Staples,False,,,0.5
909,AIR,4,2,0.5,0.0963,0.1352,0.1507,4470901953,AIRCRAFT & PARTS,False,,,0.5
910,ALKS,6,3,0.5,0.0256,0.0538,0.0802,5475296598,PHARMACEUTICAL PREPARATIONS,False,,,0.5
911,ALLY,4,2,0.5,0.0782,0.0782,0.1122,12586514400,STATE COMMERCIAL BANKS,False,,,0.5
912,ANET,4,2,0.5,0.1204,0.172,0.2413,178302173061,Technology,False,,,0.5
913,ARE,4,2,0.5,0.0398,0.0481,0.0687,9096535948,Real Estate,False,,,0.5
914,ARLO,4,2,0.5,0.1009,0.13,0.1719,1210431700,HOUSEHOLD AUDIO & VIDEO EQUIPMENT,False,,,0.5
915,ARR,4,2,0.5,0.0378,0.0564,0.0905,2047737718,REAL ESTATE INVESTMENT TRUSTS,False,,,0.5
916,ASAN,4,2,0.5,0.0915,0.1309,0.1309,1792476007,SERVICES-PREPACKAGED SOFTWARE,False,,,0.5
917,ASX,6,3,0.5,0.0746,0.1506,0.2029,51176838749,,False,,,0.5
918,ATAT,4,2,0.5,0.0528,0.099,0.1162,5412743700,,False,,,0.5
919,ATKR,4,2,0.5,0.0481,0.0906,0.1162,2249805796,"MISCELLANEOUS ELECTRICAL MACHINERY, EQUIPMENT & SUPPLIES",False,,,0.5
920,AVO,4,2,0.5,0.0429,0.0915,0.1038,1017960381,,False,,,0.5
921,AXON,4,2,0.5,0.0956,0.1301,0.1583,34131810941,Aerospace & Defense,False,,,0.5
922,BABA,4,2,0.5,0.1482,0.2441,0.2643,371778809797,,False,,,0.5
923,BHF,4,2,0.5,0.0692,0.1273,0.1273,3650632880,LIFE INSURANCE,False,,,0.5
924,BOOT,4,2,0.5,0.1173,0.1722,0.2013,5718736823,RETAIL-SHOE STORES,False,,,0.5
925,CNK,4,2,0.5,0.125,0.214,0.214,2922800441,SERVICES-MOTION PICTURE THEATERS,False,,,0.5
926,CAVA,4,2,0.5,0.087,0.1051,0.1051,7365118620,RETAIL-EATING PLACES,False,,,0.5
927,CHRW,4,2,0.5,0.0549,0.0821,0.168,20793324699,Industrials,False,,,0.5
928,CLMT,4,2,0.5,0.0898,0.159,0.1759,2482041123,PETROLEUM REFINING,False,,,0.5
929,COF,4,2,0.5,0.0456,0.1103,0.1189,129626987000,Financials,False,,,0.5
930,CRWD,4,2,0.5,0.126,0.1871,0.2069,108311573761,Software,True,,,0.5
931,CSR,4,2,0.5,0.0323,0.036,0.0654,1061839460,REAL ESTATE INVESTMENT TRUSTS,False,,,0.5
932,CTRE,4,2,0.5,0.0485,0.0852,0.1027,8912081183,REAL ESTATE INVESTMENT TRUSTS,False,,,0.5
933,CVS,4,2,0.5,0.0377,0.0712,0.0863,99843124224,Health Care,False,,,0.5
934,DBD,4,2,0.5,0.0687,0.1418,0.1723,2841390607,CALCULATING & ACCOUNTING MACHINES (NO ELECTRONIC COMPUTERS),False,,,0.5
935,DHT,4,2,0.5,0.0399,0.0878,0.1125,2558318565,,False,,,0.5
936,EQX,4,2,0.5,0.104,0.151,0.2882,12399466756,,False,,,0.5
937,ESE,4,2,0.5,0.0437,0.0698,0.0799,6950681478,"COMMUNICATIONS EQUIPMENT, NEC",False,,,0.5
938,ETN,6,3,0.5,0.0582,0.091,0.1264,151184700000,Industrials,False,,,0.5
939,EXE,4,2,0.5,0.0504,0.0775,0.0993,24781556972,Energy,False,,,0.5
940,FERG,4,2,0.5,0.0505,0.1741,0.207,52451418412,WHOLESALE-HARDWARE & PLUMBING & HEATING EQUIPMENT & SUPPLIES,False,,,0.5
941,FICO,6,3,0.5,0.1177,0.1531,0.1628,31900102475,Software,False,,,0.5
942,FIZZ,4,2,0.5,0.0502,0.0654,0.0881,3403526907,BOTTLED & CANNED SOFT DRINKS & CARBONATED WATERS,False,,,0.5
943,FLS,4,2,0.5,0.0231,0.1095,0.1469,11393320700,PUMPS & PUMPING EQUIPMENT,False,,,0.5
944,GXO,4,2,0.5,0.048,0.1137,0.141,7501681120,TRANSPORTATION SERVICES,False,,,0.5
945,FTS,4,2,0.5,0.0425,0.0768,0.089,28840616000,,False,,,0.5
946,GME,4,2,0.5,0.0505,0.1702,0.1876,10559583443,RETAIL-COMPUTER & COMPUTER SOFTWARE STORES,False,,,0.5
947,HCI,4,2,0.5,0.0672,0.0904,0.138,2047167444,"FIRE, MARINE & CASUALTY INSURANCE",False,,,0.5
948,HGV,4,2,0.5,0.0536,0.0922,0.1116,3953801758,"HOTELS, ROOMING HOUSES, CAMPS & OTHER LODGING PLACES",False,,,0.5
949,HHH,4,2,0.5,0.0629,0.0819,0.1117,4878967364,REAL ESTATE INVESTMENT TRUSTS,False,,,0.5
950,HIMX,4,2,0.5,0.0791,0.1248,0.1355,1345596000,,False,,,0.5
951,HLNE,4,2,0.5,0.0561,0.0822,0.0927,5393910392,INVESTMENT ADVICE,False,,,0.5
952,HUM,4,2,0.5,0.1187,0.1187,0.1187,22142271818,Health Care,False,,,0.5
953,ICL,4,2,0.5,0.0224,0.0609,0.0875,7395554737,,False,,,0.5
954,ICLR,8,4,0.5,0.0395,0.0861,0.1048,7101473676,,False,,,0.5
955,IDXX,4,2,0.5,0.059,0.0632,0.1178,50254434535,Health Care,False,,,0.5
956,IMCR,4,2,0.5,0.0998,0.1002,0.1249,1631121925,"BIOLOGICAL PRODUCTS, (NO DIAGNOSTIC SUBSTANCES)",False,,,0.5
957,ING,4,2,0.5,0.0788,0.1057,0.1423,81911989695,,False,,,0.5
958,INGM,4,2,0.5,0.0459,0.0848,0.0995,5070517168,WHOLESALE-COMPUTERS & PERIPHERAL EQUIPMENT & SOFTWARE,False,,,0.5
959,INVX,4,2,0.5,0.0563,0.1127,0.1507,1706652105,OIL & GAS FIELD MACHINERY & EQUIPMENT,False,,,0.5
960,IQ,4,2,0.5,0.0998,0.1582,0.1582,1733325926,,False,,,0.5
961,ITT,4,2,0.5,0.0615,0.0957,0.1104,17467460000,PUMPS & PUMPING EQUIPMENT,False,,,0.5
962,NOV,4,2,0.5,0.0146,0.0669,0.123,6919767244,OIL & GAS FIELD MACHINERY & EQUIPMENT,False,,,0.5
963,KMTS,4,2,0.5,0.2618,0.3188,0.3314,1570756506,SURGICAL & MEDICAL INSTRUMENTS & APPARATUS,False,,,0.5
964,LCII,4,2,0.5,0.0349,0.0864,0.1586,3802233311,MOTOR VEHICLE PARTS & ACCESSORIES,False,,,0.5
965,LEG,4,2,0.5,0.002,0.0574,0.136,1589415000,HOUSEHOLD FURNITURE,False,,,0.5
966,LEVI,4,2,0.5,0.0848,0.1059,0.1591,8555138258,APPAREL & OTHER FINISHD PRODS OF FABRICS & SIMILAR MATL,False,,,0.5
967,LPG,4,2,0.5,0.0564,0.1121,0.2005,1430217686,DEEP SEA FOREIGN TRANSPORTATION OF FREIGHT,False,,,0.5
968,MTH,4,2,0.5,0.0483,0.0823,0.0823,5494415193,OPERATIVE BUILDERS,False,,,0.5
969,MUFG,4,2,0.5,0.0594,0.0813,0.1008,223184763713,,False,,,0.5
970,MD,4,2,0.5,0.1018,0.1093,0.1822,1848081346,SERVICES-HOSPITALS,False,,,0.5
971,MHK,4,2,0.5,0.0898,0.1199,0.1199,8197512601,Consumer Discretionary,False,,,0.5
972,NBBK,4,2,0.5,0.0623,0.0814,0.1249,1012435231,"SAVINGS INSTITUTIONS, NOT FEDERALLY CHARTERED",False,,,0.5
973,NBN,6,3,0.5,0.0699,0.0861,0.0901,1031263094,LUMBER & WOOD PRODUCTS (NO FURNITURE),False,,,0.5
974,NEXA,4,2,0.5,0.1328,0.3025,0.5607,1579992629,,False,,,0.5
975,PEB,4,2,0.5,0.038,0.096,0.1194,1448344269,REAL ESTATE INVESTMENT TRUSTS,False,,,0.5
976,OLLI,4,2,0.5,0.069,0.0862,0.0863,6973510821,RETAIL-VARIETY STORES,False,,,0.5
977,OMF,4,2,0.5,0.0212,0.0798,0.1022,6667123962,PERSONAL CREDIT INSTITUTIONS,False,,,0.5
978,ON,4,2,0.5,0.0743,0.1362,0.1511,28452222471,Semiconductors,False,,,0.5
979,OSBC,4,2,0.5,0.0068,0.06,0.0801,1083405937,STATE COMMERCIAL BANKS,False,,,0.5
980,OSIS,4,2,0.5,0.055,0.098,0.1204,4424691386,SEMICONDUCTORS & RELATED DEVICES,False,,,0.5
981,PBI,4,2,0.5,0.0772,0.1212,0.1212,1649411181,"OFFICE MACHINES, NEC",False,,,0.5
982,PCT,4,2,0.5,0.1095,0.2405,0.3145,1565923574,"PLASTIC MATERIALS, SYNTH RESINS & NONVULCAN ELASTOMERS",False,,,0.5
983,PNTG,4,2,0.5,0.0338,0.074,0.1082,1105961228,SERVICES-HEALTH SERVICES,False,,,0.5
984,PRVA,4,2,0.5,0.0714,0.1033,0.1033,2754004234,SERVICES-HEALTH SERVICES,False,,,0.5
985,PVH,6,3,0.5,0.0674,0.1532,0.1541,3147103242,"MEN'S & BOYS' FURNISHGS, WORK CLOTHG, & ALLIED GARMENTS",False,,,0.5
986,PWP,4,2,0.5,0.0274,0.0731,0.0981,1432562933,FINANCE SERVICES,False,,,0.5
987,RCI,4,2,0.5,0.1213,0.1452,0.154,20960740786,,False,,,0.5
988,RH,8,4,0.5,0.055,0.0907,0.0955,3850554956,RETAIL-FURNITURE STORES,False,,,0.5
989,SPOT,4,2,0.5,0.1267,0.1879,0.2287,94341280425,,False,,,0.5
990,SBLK,4,2,0.5,0.051,0.0786,0.0987,2709569262,,False,,,0.5
991,SMG,4,2,0.5,0.0362,0.0665,0.0917,3967017117,AGRICULTURAL CHEMICALS,False,,,0.5
992,SNDX,4,2,0.5,0.1357,0.2261,0.3254,1780015882,PHARMACEUTICAL PREPARATIONS,False,,,0.5
993,ULS,4,2,0.5,0.0731,0.155,0.1553,14074876694,SERVICES-TESTING LABORATORIES,False,,,0.5
994,TARS,4,2,0.5,0.0948,0.1717,0.2074,2580056601,"BIOLOGICAL PRODUCTS, (NO DIAGNOSTIC SUBSTANCES)",False,,,0.5
995,TECK,4,2,0.5,0.0346,0.0419,0.101,28761270950,,False,,,0.5
996,TGLS,4,2,0.5,0.002,0.0922,0.0976,2466317860,FLAT GLASS,False,,,0.5
997,TGTX,4,2,0.5,0.0819,0.1054,0.1054,4524644353,PHARMACEUTICAL PREPARATIONS,False,,,0.5
998,TSCO,4,2,0.5,0.0705,0.097,0.097,29078049832,Consumer Discretionary,False,,,0.5
999,WOR,4,2,0.5,0.0154,0.0909,0.0912,2920770949,"STEEL WORKS, BLAST FURNACES & ROLLING & FINISHING MILLS",False,,,0.5
1000,WRD,4,2,0.5,0.1078,0.14,0.163,2592277014,,False,,,0.5
1001,WING,4,2,0.5,0.1135,0.2096,0.2429,6158956189,RETAIL-EATING PLACES,False,,,0.5
1002,WYNN,4,2,0.5,0.0745,0.1409,0.1734,11789666173,Consumer Discretionary,True,,,0.5
1003,ZS,9,4,0.4444,0.0953,0.1672,0.2115,28341223085,Software,False,,,0.4444
1004,FAST,7,3,0.4286,0.0499,0.0653,0.0801,53286997136,Industrials,False,,,0.4286
1005,HRI,7,3,0.4286,0.0055,0.0653,0.0927,5759652887,SERVICES-MISCELLANEOUS EQUIPMENT RENTAL & LEASING,False,,,0.4286
1006,XP,7,3,0.4286,0.082,0.1024,0.1384,10307444253,,False,,,0.4286
1007,ADEA,5,2,0.4,0.0494,0.0925,0.1119,2058791590,CABLE & OTHER PAY TELEVISION SERVICES,False,,,0.4
1008,AHCO,5,2,0.4,0.0176,0.0349,0.0505,1381328206,SERVICES-HOME HEALTH CARE SERVICES,False,,,0.4
1009,ARM,5,2,0.4,0.0742,0.1308,0.1308,133047180724,Semiconductors,False,,,0.4
1010,ASR,5,2,0.4,0.0578,0.099,0.0993,11205300000,,False,,,0.4
1011,ATGE,5,2,0.4,0.0591,0.1271,0.1271,3296254116,SERVICES-EDUCATIONAL SERVICES,False,,,0.4
1012,AWK,5,2,0.4,0.0599,0.0678,0.0678,26056150993,Utilities,False,,,0.4
1013,AXP,5,2,0.4,0.0197,0.0725,0.0931,231732226687,Financials,False,,,0.4
1014,BLDR,5,2,0.4,0.056,0.0758,0.0833,12686910058,Industrials,False,,,0.4
1015,CACI,5,2,0.4,0.0335,0.089,0.1281,12661774234,SERVICES-COMPUTER INTEGRATED SYSTEMS DESIGN,False,,,0.4
1016,CLOV,5,2,0.4,0.0148,0.0838,0.1303,1043689671,HOSPITAL & MEDICAL SERVICE PLANS,False,,,0.4
1017,COKE,5,2,0.4,0.0787,0.111,0.1609,10785468854,BOTTLED & CANNED SOFT DRINKS & CARBONATED WATERS,False,,,0.4
1018,DFH,5,2,0.4,0.0884,0.0964,0.1074,1952486813,OPERATIVE BUILDERS,False,,,0.4
1019,EC,5,2,0.4,0.0495,0.0554,0.1203,24464433346,,False,,,0.4
1020,EQT,5,2,0.4,0.0307,0.0689,0.0999,36632957251,Energy,False,,,0.4
1021,ESI,5,2,0.4,0.0311,0.0619,0.0874,7831117217,MISCELLANEOUS CHEMICAL PRODUCTS,False,,,0.4
1022,GHC,5,2,0.4,0.0476,0.0672,0.076,4614047558,SERVICES-EDUCATIONAL SERVICES,False,,,0.4
1023,GIL,5,2,0.4,0.0271,0.0472,0.0856,13439259587,,False,,,0.4
1024,GPI,5,2,0.4,0.0392,0.0604,0.0949,4020812528,RETAIL-AUTO DEALERS & GASOLINE STATIONS,False,,,0.4
1025,HL,5,2,0.4,0.044,0.1802,0.3551,15144229942,MINING & QUARRYING OF NONMETALLIC MINERALS (NO FUELS),False,,,0.4
1026,HSY,5,2,0.4,0.0493,0.0702,0.0759,45135912454,Consumer Staples,False,,,0.4
1027,INVA,5,2,0.4,0.0561,0.1106,0.1397,1697257707,PHARMACEUTICAL PREPARATIONS,False,,,0.4
1028,JEF,5,2,0.4,0.0652,0.1084,0.1434,11103455293,"SECURITY BROKERS, DEALERS & FLOTATION COMPANIES",False,,,0.4
1029,KRC,5,2,0.4,0.0571,0.0855,0.1153,3762471964,REAL ESTATE INVESTMENT TRUSTS,False,,,0.4
1030,LEA,5,2,0.4,0.013,0.0574,0.0784,7151340475,MOTOR VEHICLE PARTS & ACCESSORIES,False,,,0.4
1031,MQ,5,2,0.4,0.058,0.0816,0.1546,1725189048,SERVICES-PREPACKAGED SOFTWARE,False,,,0.4
1032,NXST,5,2,0.4,0.0464,0.0641,0.0865,7010809066,TELEVISION BROADCASTING STATIONS,False,,,0.4
1033,NATL,5,2,0.4,0.0367,0.1752,0.1958,3121710704,CALCULATING & ACCOUNTING MACHINES (NO ELECTRONIC COMPUTERS),False,,,0.4
1034,PDD,5,2,0.4,0.0345,0.0525,0.0578,142362147209,Software,True,,,0.4
1035,OUST,5,2,0.4,0.0434,0.2937,0.6116,1126297960,"GENERAL INDUSTRIAL MACHINERY & EQUIPMENT, NEC",False,,,0.4
1036,PAC,5,2,0.4,0.0876,0.1311,0.1496,14326131823,,False,,,0.4
1037,PRLB,5,2,0.4,0.0389,0.0474,0.0833,1598788862,FABRICATED STRUCTURAL METAL PRODUCTS,False,,,0.4
1038,RARE,5,2,0.4,-0.0302,0.02,0.0474,1979719715,PHARMACEUTICAL PREPARATIONS,False,,,0.4
1039,UHS,5,2,0.4,0.0403,0.0962,0.1247,14671512537,Health Care,False,,,0.4
1040,SID,5,2,0.4,0.0587,0.0806,0.108,2241098770,,False,,,0.4
1041,SNCY,5,2,0.4,0.0584,0.1136,0.2801,1127801769,"AIR TRANSPORTATION, SCHEDULED",False,,,0.4
1042,TKO,5,2,0.4,0.034,0.0671,0.1057,16317198343,Communication Services,False,,,0.4
1043,ST,5,2,0.4,0.0304,0.0629,0.07,5372631746,"INDUSTRIAL INSTRUMENTS FOR MEASUREMENT, DISPLAY, AND CONTROL",False,,,0.4
1044,TGS,5,2,0.4,0.0246,0.0604,0.0837,4430751599,,False,,,0.4
1045,VALE,5,2,0.4,0.0478,0.0837,0.1684,71075189547,,False,,,0.4
1046,WB,5,2,0.4,0.03,0.065,0.1212,2450701052,,False,,,0.4
1047,WD,5,2,0.4,0.0432,0.079,0.0809,2107213391,FINANCE SERVICES,False,,,0.4
1048,YPF,5,2,0.4,0.0125,0.0125,0.0677,14664386438,,False,,,0.4
1049,AB,3,1,0.3333,0.0238,0.0655,0.0788,3716164370,INVESTMENT ADVICE,False,,,0.3333
1050,ABR,3,1,0.3333,0.052,0.0655,0.0764,1510886102,REAL ESTATE INVESTMENT TRUSTS,False,,,0.3333
1051,ADP,3,1,0.3333,0.028,0.0503,0.0759,85404896048,Industrials,False,,,0.3333
1052,ADSK,3,1,0.3333,0.0785,0.0935,0.1162,49018640000,Software,False,,,0.3333
1053,ADUS,3,1,0.3333,0.0463,0.0889,0.0968,2103396239,SERVICES-HOME HEALTH CARE SERVICES,False,,,0.3333
1054,AEG,3,1,0.3333,0.0353,0.0549,0.0737,11468270015,,False,,,0.3333
1055,ALC,3,1,0.3333,0.0662,0.074,0.074,38903040000,,False,,,0.3333
1056,ALGN,3,1,0.3333,0.0392,0.0392,0.0665,13400746566,Health Care,False,,,0.3333
1057,AM,3,1,0.3333,0.0488,0.0488,0.0596,10147587450,NATURAL GAS TRANSMISSION,False,,,0.3333
1058,AMPH,3,1,0.3333,-0.0024,-0.0019,0.072,1309636959,PHARMACEUTICAL PREPARATIONS,False,,,0.3333
1059,ANDE,6,2,0.3333,0.0174,0.0848,0.1089,2335914660,WHOLESALE-FARM PRODUCT RAW MATERIALS,False,,,0.3333
1060,APTV,3,1,0.3333,0.0554,0.0769,0.0769,18126163765,Consumer Discretionary,False,,,0.3333
1061,AR,3,1,0.3333,-0.0069,0.0341,0.0702,10724329000,CRUDE PETROLEUM & NATURAL GAS,False,,,0.3333
1062,AUB,3,1,0.3333,0.0239,0.0598,0.0682,5703684123,STATE COMMERCIAL BANKS,False,,,0.3333
1063,AXS,3,1,0.3333,0.0531,0.0694,0.0995,7846294124,"FIRE, MARINE & CASUALTY INSURANCE",False,,,0.3333
1064,AZO,3,1,0.3333,0.0696,0.0796,0.0846,63921304269,Consumer Discretionary,False,,,0.3333
1065,BAC,3,1,0.3333,0.0329,0.0823,0.0929,379015001329,Financials,False,,,0.3333
1066,BAK,3,1,0.3333,0.056,0.0596,0.2016,1526194508,,False,,,0.3333
1067,BANF,3,1,0.3333,0.06,0.063,0.0783,3946873285,NATIONAL COMMERCIAL BANKS,False,,,0.3333
1068,BATRK,3,1,0.3333,0.0091,0.0211,0.0711,2717028957,SERVICES-AMUSEMENT & RECREATION SERVICES,False,,,0.3333
1069,BBY,3,1,0.3333,0.0436,0.0622,0.0681,13787409777,Consumer Discretionary,False,,,0.3333
1070,BWIN,3,1,0.3333,0.0364,0.0364,0.0364,1960600422,"INSURANCE AGENTS, BROKERS & SERVICE",False,,,0.3333
1071,BCPC,3,1,0.3333,0.0215,0.0268,0.051,5855759670,CHEMICALS & ALLIED PRODUCTS,False,,,0.3333
1072,BHRB,3,1,0.3333,0.0165,0.0495,0.0654,1025921047,NATIONAL COMMERCIAL BANKS,False,,,0.3333
1073,BIDU,3,1,0.3333,0.1812,0.1974,0.1974,47100050460,,False,,,0.3333
1074,BIIB,3,1,0.3333,0.0573,0.0685,0.1058,28840985922,Biotechnology,False,,,0.3333
1075,BNTX,3,1,0.3333,0.0867,0.1028,0.1028,26566037126,,False,,,0.3333
1076,CALM,3,1,0.3333,0.0621,0.0669,0.0915,3976253598,,False,,,0.3333
1077,CART,3,1,0.3333,0.0631,0.0791,0.0995,9529946593,"SERVICES-BUSINESS SERVICES, NEC",False,,,0.3333
1078,CB,3,1,0.3333,0.0513,0.0704,0.0899,127088343713,Financials,False,,,0.3333
1079,CF,3,1,0.3333,0.0728,0.1117,0.1117,14764559801,Materials,False,,,0.3333
1080,CHCO,3,1,0.3333,0.0449,0.0617,0.0833,1817934100,NATIONAL COMMERCIAL BANKS,False,,,0.3333
1081,CHWY,3,1,0.3333,0.0963,0.1794,0.1794,10055414939,RETAIL-CATALOG & MAIL-ORDER HOUSES,False,,,0.3333
1082,CLBT,3,1,0.3333,0.0506,0.0914,0.0914,3579027711,,False,,,0.3333
1083,CMBT,3,1,0.3333,0.0084,0.0371,0.0718,3728681531,,False,,,0.3333
1084,CZR,3,1,0.3333,0.0529,0.0617,0.0713,3702518086,Consumer Discretionary,False,,,0.3333
1085,DAL,3,1,0.3333,0.056,0.0707,0.108,45066018852,Industrials,False,,,0.3333
1086,CNQ,3,1,0.3333,0.0149,0.0315,0.0619,84740792760,,False,,,0.3333
1087,CR,3,1,0.3333,0.0313,0.0678,0.1145,11549327781,MISCELLANEOUS FABRICATED METAL PRODUCTS,False,,,0.3333
1088,CRNX,3,1,0.3333,0.1289,0.1289,0.1301,4377255568,PHARMACEUTICAL PREPARATIONS,False,,,0.3333
1089,CROX,3,1,0.3333,0.0396,0.0662,0.0915,4866630780,RUBBER & PLASTICS FOOTWEAR,False,,,0.3333
1090,CRUS,3,1,0.3333,0.0217,0.0462,0.075,7376943634,SEMICONDUCTORS & RELATED DEVICES,False,,,0.3333
1091,ENR,3,1,0.3333,0.106,0.106,0.106,1559033687,"MISCELLANEOUS ELECTRICAL MACHINERY, EQUIPMENT & SUPPLIES",False,,,0.3333
1092,CWST,3,1,0.3333,0.0558,0.0842,0.0902,6585526735,REFUSE SYSTEMS,False,,,0.3333
1093,CXT,3,1,0.3333,0.0417,0.0788,0.109,3029586777,MISCELLANEOUS FABRICATED METAL PRODUCTS,False,,,0.3333
1094,DD,3,1,0.3333,0.0365,0.0729,0.1207,20549795247,Materials,False,,,0.3333
1095,DIOD,3,1,0.3333,0.0531,0.1074,0.1074,3260510940,SEMICONDUCTORS & RELATED DEVICES,False,,,0.3333
1096,DUOL,3,1,0.3333,0.189,0.2425,0.2425,5203813577,SERVICES-PREPACKAGED SOFTWARE,False,,,0.3333
1097,E,3,1,0.3333,0.0468,0.073,0.1075,63970663414,,False,,,0.3333
1098,ECVT,6,2,0.3333,0.0568,0.0824,0.1078,1324905590,CHEMICALS & ALLIED PRODUCTS,False,,,0.3333
1099,FNB,3,1,0.3333,0.0268,0.0756,0.0783,6456470902,NATIONAL COMMERCIAL BANKS,False,,,0.3333
1100,EW,3,1,0.3333,0.0615,0.0713,0.0749,44027361000,Health Care,False,,,0.3333
1101,EWBC,3,1,0.3333,0.0567,0.1058,0.1105,16210933570,STATE COMMERCIAL BANKS,False,,,0.3333
1102,EXPI,3,1,0.3333,0.0496,0.0972,0.1095,1199217266,REAL ESTATE AGENTS & MANAGERS (FOR OTHERS),False,,,0.3333
1103,FBK,3,1,0.3333,0.0271,0.0775,0.0921,3053391659,STATE COMMERCIAL BANKS,False,,,0.3333
1104,FCX,6,2,0.3333,0.0569,0.0932,0.1157,90233882674,Materials,True,,,0.3333
1105,FIBK,3,1,0.3333,0.0284,0.0432,0.0772,3807651959,STATE COMMERCIAL BANKS,False,,,0.3333
1106,GTES,3,1,0.3333,0.0645,0.1006,0.1223,7100343901,GENERAL INDUSTRIAL MACHINERY & EQUIPMENT,False,,,0.3333
1107,FOX,3,1,0.3333,0.0341,0.0821,0.1059,21933421781,Communication Services,False,,,0.3333
1108,GD,3,1,0.3333,0.0255,0.0358,0.0671,93998295818,Aerospace & Defense,False,,,0.3333
1109,GGB,3,1,0.3333,0.0635,0.0769,0.1333,8137855958,,False,,,0.3333
1110,HBAN,3,1,0.3333,0.0221,0.0557,0.0575,35033183053,Financials,False,,,0.3333
1111,HLT,3,1,0.3333,0.0236,0.0515,0.0587,72139727911,Consumer Discretionary,False,,,0.3333
1112,HSIC,3,1,0.3333,0.0502,0.0741,0.081,9204902659,Health Care,False,,,0.3333
1113,HST,3,1,0.3333,0.027,0.0438,0.0824,13678143777,Real Estate,False,,,0.3333
1114,HWM,3,1,0.3333,0.0516,0.1115,0.1454,100319213163,Aerospace & Defense,False,,,0.3333
1115,IOT,3,1,0.3333,0.0213,0.0594,0.0974,15763750837,SERVICES-COMPUTER INTEGRATED SYSTEMS DESIGN,False,,,0.3333
1116,IRDM,3,1,0.3333,0.0257,0.03,0.0391,2431848106,"COMMUNICATIONS SERVICES, NEC",False,,,0.3333
1117,ISRG,3,1,0.3333,0.0494,0.0705,0.0783,172536474344,Health Care,False,,,0.3333
1118,JCI,3,1,0.3333,0.0699,0.0952,0.1176,85224098523,Industrials,False,,,0.3333
1119,JXN,3,1,0.3333,0.0256,0.0457,0.058,7734970295,LIFE INSURANCE,False,,,0.3333
1120,KD,3,1,0.3333,0.0073,0.0261,0.0261,2797627607,SERVICES-COMPUTER INTEGRATED SYSTEMS DESIGN,False,,,0.3333
1121,LXP,3,1,0.3333,0.0315,0.0579,0.0624,2815611535,REAL ESTATE INVESTMENT TRUSTS,False,,,0.3333
1122,LCID,3,1,0.3333,0.0404,0.0955,0.0955,3332451737,MOTOR VEHICLES & PASSENGER CAR BODIES,False,,,0.3333
1123,LECO,3,1,0.3333,0.0716,0.0784,0.0807,16160087367,METALWORKG MACHINERY & EQUIPMENT,False,,,0.3333
1124,NRIX,3,1,0.3333,0.1075,0.4092,0.4092,1604350987,PHARMACEUTICAL PREPARATIONS,False,,,0.3333
1125,LMAT,3,1,0.3333,0.1089,0.1089,0.1089,1988654234,SURGICAL & MEDICAL INSTRUMENTS & APPARATUS,False,,,0.3333
1126,LTH,3,1,0.3333,0.0559,0.0772,0.0772,6408085636,SERVICES-MEMBERSHIP SPORTS & RECREATION CLUBS,False,,,0.3333
1127,MTX,3,1,0.3333,-0.0012,0.0383,0.0383,2271870454,INDUSTRIAL INORGANIC CHEMICALS,False,,,0.3333
1128,LZ,3,1,0.3333,0.0315,0.0315,0.0799,1217846672,SERVICES-COMPUTER PROCESSING & DATA PREPARATION,False,,,0.3333
1129,MEOH,3,1,0.3333,0.0391,0.0633,0.0857,3770301600,,False,,,0.3333
1130,MLKN,3,1,0.3333,0.0362,0.0526,0.0526,1486484564,OFFICE FURNITURE,False,,,0.3333
1131,MOH,3,1,0.3333,0.071,0.0925,0.0925,6970525000,Health Care,False,,,0.3333
1132,MSGS,3,1,0.3333,0.0324,0.0324,0.0682,7015782815,SERVICES-MISCELLANEOUS AMUSEMENT & RECREATION,False,,,0.3333
1133,NCNO,3,1,0.3333,0.0109,0.0719,0.0904,1851015383,SERVICES-PREPACKAGED SOFTWARE,False,,,0.3333
1134,NTNX,3,1,0.3333,0.0565,0.0565,0.081,11291900826,SERVICES-PREPACKAGED SOFTWARE,False,,,0.3333
1135,PENN,3,1,0.3333,0.0656,0.0656,0.0882,1567019670,HOTELS & MOTELS,False,,,0.3333
1136,PGNY,6,2,0.3333,0.0426,0.0501,0.0634,1783719121,"SERVICES-MISC HEALTH & ALLIED SERVICES, NEC",False,,,0.3333
1137,ORI,3,1,0.3333,0.0354,0.0784,0.0889,10502887172,SURETY INSURANCE,False,,,0.3333
1138,OVV,3,1,0.3333,0.0555,0.0838,0.092,13296933278,CRUDE PETROLEUM & NATURAL GAS,False,,,0.3333
1139,OZK,3,1,0.3333,0.0296,0.0703,0.0756,5461732334,,False,,,0.3333
1140,PBR.A,3,1,0.3333,-0.003,-0.003,0.0609,91187784291,,False,,,0.3333
1141,PCOR,3,1,0.3333,0.0219,0.0443,0.0443,8137292472,SERVICES-PREPACKAGED SOFTWARE,False,,,0.3333
1142,PINS,3,1,0.3333,0.0446,0.0629,0.0955,10256437566,"SERVICES-COMPUTER PROGRAMMING, DATA PROCESSING, ETC.",False,,,0.3333
1143,PLAB,3,1,0.3333,0.0499,0.0499,0.258,2291708070,SEMICONDUCTORS & RELATED DEVICES,False,,,0.3333
1144,PLMR,3,1,0.3333,0.0503,0.0626,0.0626,3503347085,"FIRE, MARINE & CASUALTY INSURANCE",False,,,0.3333
1145,PLNT,3,1,0.3333,0.0495,0.0723,0.0967,7526573065,SERVICES-MEMBERSHIP SPORTS & RECREATION CLUBS,False,,,0.3333
1146,PLUS,6,2,0.3333,0.0346,0.0393,0.1147,2213808016,WHOLESALE-COMPUTERS & PERIPHERAL EQUIPMENT & SOFTWARE,False,,,0.3333
1147,UCB,3,1,0.3333,0.0296,0.072,0.0736,4167876072,STATE COMMERCIAL BANKS,False,,,0.3333
1148,PNFP,3,1,0.3333,0.016,0.0356,0.0412,14445846637,,False,,,0.3333
1149,PRG,3,1,0.3333,0.0661,0.0758,0.0758,1319636438,"SERVICES-EQUIPMENT RENTAL & LEASING, NEC",False,,,0.3333
1150,PRSU,3,1,0.3333,0.069,0.0948,0.0954,1035733127,SERVICES-MISCELLANEOUS AMUSEMENT & RECREATION,False,,,0.3333
1151,QDEL,3,1,0.3333,0.0283,0.052,0.052,1601825713,IN VITRO & IN VIVO DIAGNOSTIC SUBSTANCES,False,,,0.3333
1152,RBA,3,1,0.3333,0.0375,0.0487,0.0663,18940584204,"SERVICES-BUSINESS SERVICES, NEC",False,,,0.3333
1153,REGN,3,1,0.3333,0.0841,0.0841,0.097,84910976585,Biotechnology,False,,,0.3333
1154,RELY,3,1,0.3333,0.0722,0.0776,0.0776,2667426079,"SERVICES-BUSINESS SERVICES, NEC",False,,,0.3333
1155,RES,3,1,0.3333,0.0564,0.0686,0.1218,1283743444,"OIL & GAS FIELD SERVICES, NEC",False,,,0.3333
1156,RNST,3,1,0.3333,0.012,0.0389,0.0435,3854532711,STATE COMMERCIAL BANKS,False,,,0.3333
1157,ROCK,3,1,0.3333,0.0409,0.0554,0.0701,1617165317,"STEEL WORKS, BLAST FURNACES & ROLLING & FINISHING MILLS",False,,,0.3333
1158,ROIV,3,1,0.3333,0.098,0.2206,0.2559,18930295073,PHARMACEUTICAL PREPARATIONS,False,,,0.3333
1159,RXO,3,1,0.3333,0.0096,0.0408,0.0408,2218260413,TRANSPORTATION SERVICES,False,,,0.3333
1160,RYAN,3,1,0.3333,0.05,0.0663,0.0663,5019944387,"INSURANCE AGENTS, BROKERS & SERVICE",False,,,0.3333
1161,SAM,3,1,0.3333,0.0533,0.062,0.0694,2638692165,MALT BEVERAGES,False,,,0.3333
1162,SEM,3,1,0.3333,0.021,0.0847,0.0865,2028132140,SERVICES-HOSPITALS,False,,,0.3333
1163,SHAK,3,1,0.3333,0.1257,0.1677,0.168,3548353870,RETAIL-EATING & DRINKING PLACES,False,,,0.3333
1164,SIGI,3,1,0.3333,0.0538,0.0538,0.0593,5192282983,"FIRE, MARINE & CASUALTY INSURANCE",False,,,0.3333
1165,SITE,3,1,0.3333,0.0459,0.0594,0.0594,6971010625,WHOLESALE-PROFESSIONAL & COMMERCIAL EQUIPMENT & SUPPLIES,False,,,0.3333
1166,SNAP,3,1,0.3333,0.0388,0.0828,0.0828,8157638111,"SERVICES-COMPUTER PROGRAMMING, DATA PROCESSING, ETC.",False,,,0.3333
1167,TM,3,1,0.3333,0.0285,0.035,0.05,323605959119,,False,,,0.3333
1168,TMHC,3,1,0.3333,0.0556,0.0698,0.0832,6729346047,OPERATIVE BUILDERS,False,,,0.3333
1169,STC,3,1,0.3333,0.0426,0.0585,0.0585,2097173970,TITLE INSURANCE,False,,,0.3333
1170,STM,6,2,0.3333,0.0603,0.0982,0.1202,29871497588,,False,,,0.3333
1171,STRA,3,1,0.3333,0.0419,0.0773,0.0773,1764549610,SERVICES-EDUCATIONAL SERVICES,False,,,0.3333
1172,SUN,3,1,0.3333,0.0438,0.0547,0.0838,11195630701,PETROLEUM REFINING,False,,,0.3333
1173,SYBT,3,1,0.3333,0.0339,0.0581,0.0822,2055565788,STATE COMMERCIAL BANKS,False,,,0.3333
1174,UPWK,3,1,0.3333,0.1273,0.1273,0.1414,1727910827,SERVICES-COMPUTER PROCESSING & DATA PREPARATION,False,,,0.3333
1175,TJX,3,1,0.3333,0.0308,0.0664,0.0845,171522747493,Consumer Discretionary,False,,,0.3333
1176,TNET,3,1,0.3333,0.0392,0.0625,0.0644,1883453586,"SERVICES-BUSINESS SERVICES, NEC",False,,,0.3333
1177,TREX,3,1,0.3333,0.0907,0.1115,0.1115,4590504755,LUMBER & WOOD PRODUCTS (NO FURNITURE),False,,,0.3333
1178,UBER,3,1,0.3333,0.1028,0.1028,0.1401,145427348366,Consumer Discretionary,False,,,0.3333
1179,TTWO,3,1,0.3333,0.076,0.0909,0.0998,35862930563,Software,False,,,0.3333
1180,WLFC,3,1,0.3333,0.0283,0.0764,0.0764,1340821082,"WHOLESALE-MACHINERY, EQUIPMENT & SUPPLIES",False,,,0.3333
1181,WST,3,1,0.3333,-0.0157,-0.0081,0.0469,18046154271,Health Care,False,,,0.3333
1182,WTFC,3,1,0.3333,0.0286,0.0659,0.076,10296723124,STATE COMMERCIAL BANKS,False,,,0.3333
1183,VC,6,2,0.3333,0.0645,0.1115,0.1467,2863384654,MOTOR VEHICLE PARTS & ACCESSORIES,False,,,0.3333
1184,VMC,3,1,0.3333,0.081,0.1007,0.1024,43292691023,Industrials,False,,,0.3333
1185,VMI,3,1,0.3333,0.0263,0.0506,0.0741,9363829405,FABRICATED STRUCTURAL METAL PRODUCTS,False,,,0.3333
1186,VNT,3,1,0.3333,0.0458,0.0587,0.0847,5917464000,TOTALIZING FLUID METERS & COUNTING DEVICES,False,,,0.3333
1187,WHR,3,1,0.3333,0.1018,0.1018,0.1018,5012643414,HOUSEHOLD APPLIANCES,False,,,0.3333
1188,WK,3,1,0.3333,0.0187,0.0507,0.0644,3476010074,SERVICES-PREPACKAGED SOFTWARE,False,,,0.3333
1189,ZIM,3,1,0.3333,0.122,0.1547,0.1842,2674156722,,False,,,0.3333
1190,AAL,4,1,0.25,0.035,0.1093,0.1138,9164978990,"AIR TRANSPORTATION, SCHEDULED",False,,,0.25
1191,ALX,4,1,0.25,0.0142,0.0431,0.0467,1194441912,REAL ESTATE INVESTMENT TRUSTS,False,,,0.25
1192,AMCR,4,1,0.25,0.0077,0.0077,0.0447,23143868612,Materials,False,,,0.25
1193,ASB,4,1,0.25,0.014,0.0494,0.0498,4622406145,STATE COMMERCIAL BANKS,False,,,0.25
1194,ATO,4,1,0.25,0.0453,0.083,0.0861,29654931070,Utilities,False,,,0.25
1195,AVAH,4,1,0.25,0.0818,0.1225,0.1757,1656667267,SERVICES-HOME HEALTH CARE SERVICES,False,,,0.25
1196,BHP,4,1,0.25,0.0083,0.0288,0.0505,186319585585,,False,,,0.25
1197,BLFS,4,1,0.25,0.0449,0.0518,0.0648,1070331062,ELECTROMEDICAL & ELECTROTHERAPEUTIC APPARATUS,False,,,0.25
1198,CAE,8,2,0.25,0.0126,0.0371,0.0715,9724955047,,False,,,0.25
1199,CASY,4,1,0.25,0.047,0.0493,0.0851,24681388007,RETAIL-AUTO DEALERS & GASOLINE STATIONS,False,,,0.25
1200,CCS,4,1,0.25,0.0546,0.0826,0.0925,2174140542,OPERATIVE BUILDERS,False,,,0.25
1201,CIG,4,1,0.25,0.0355,0.0395,0.0648,6350713780,,False,,,0.25
1202,CNXC,4,1,0.25,0.0853,0.0853,0.0889,1871634082,"SERVICES-BUSINESS SERVICES, NEC",False,,,0.25
1203,CVLT,4,1,0.25,0.0646,0.094,0.0978,3853475532,SERVICES-PREPACKAGED SOFTWARE,False,,,0.25
1204,DFIN,4,1,0.25,0.0561,0.0864,0.1055,1038130686,SERVICES-MISCELLANEOUS BUSINESS SERVICES,False,,,0.25
1205,FND,4,1,0.25,0.0196,0.0471,0.0566,7564480115,RETAIL-LUMBER & OTHER BUILDING MATERIALS DEALERS,False,,,0.25
1206,F,4,1,0.25,0.061,0.0645,0.0886,56331390177,Consumer Discretionary,False,,,0.25
1207,FAF,4,1,0.25,0.05,0.0634,0.0731,6849718000,TITLE INSURANCE,False,,,0.25
1208,GSK,4,1,0.25,0.0256,0.0471,0.1098,118251422370,,False,,,0.25
1209,FSV,4,1,0.25,0.0456,0.0638,0.0741,7069397297,,False,,,0.25
1210,HASI,8,2,0.25,0.0262,0.0376,0.0655,5067486491,"INVESTORS, NEC",False,,,0.25
1211,HMC,4,1,0.25,0.036,0.0411,0.071,41235096075,,False,,,0.25
1212,HR,4,1,0.25,0.0332,0.0512,0.0759,6314693524,REAL ESTATE INVESTMENT TRUSTS,False,,,0.25
1213,IBM,4,1,0.25,0.0263,0.0341,0.0484,245255823350,Software,False,,,0.25
1214,IBRX,4,1,0.25,0.0812,0.083,0.083,5855617989,"BIOLOGICAL PRODUCTS, (NO DIAGNOSTIC SUBSTANCES)",False,,,0.25
1215,IMKTA,4,1,0.25,0.0212,0.0381,0.0662,1696957551,RETAIL-GROCERY STORES,False,,,0.25
1216,ITRI,4,1,0.25,-0.0227,-0.0127,0.0068,4008581831,INSTRUMENTS FOR MEAS & TESTING OF ELECTRICITY & ELEC SIGNALS,False,,,0.25
1217,LEGN,4,1,0.25,0.0241,0.0556,0.0556,3246842552,,False,,,0.25
1218,LFUS,4,1,0.25,0.0549,0.0847,0.1162,8953401560,SWITCHGEAR & SWITCHBOARD APPARATUS,False,,,0.25
1219,MBLY,4,1,0.25,-0.0009,0.0316,0.0316,7729053624,SERVICES-PREPACKAGED SOFTWARE,False,,,0.25
1220,MFC,4,1,0.25,0.0527,0.0655,0.0753,61653841691,,False,,,0.25
1221,NBIX,4,1,0.25,0.0201,0.0474,0.0745,12457113027,"BIOLOGICAL PRODUCTS, (NO DIAGNOSTIC SUBSTANCES)",False,,,0.25
1222,NTST,4,1,0.25,0.0403,0.0683,0.0774,1960892214,REAL ESTATE INVESTMENT TRUSTS,False,,,0.25
1223,NVCR,4,1,0.25,0.0537,0.0537,0.0734,1230681971,SURGICAL & MEDICAL INSTRUMENTS & APPARATUS,False,,,0.25
1224,UAA,4,1,0.25,0.0389,0.0624,0.0624,3062149107,APPAREL & OTHER FINISHD PRODS OF FABRICS & SIMILAR MATL,False,,,0.25
1225,OCS,4,1,0.25,0.1074,0.1074,0.1074,1646918837,,False,,,0.25
1226,PAG,4,1,0.25,0.0474,0.0652,0.0882,11284862885,RETAIL-AUTO DEALERS & GASOLINE STATIONS,False,,,0.25
1227,UBS,4,1,0.25,0.0361,0.0544,0.0652,129820449030,,False,,,0.25
1228,PBR,4,1,0.25,-0.0003,-0.0003,0.0493,97889925327,,False,,,0.25
1229,PCG,4,1,0.25,0.0299,0.0437,0.0605,39915098044,Utilities,False,,,0.25
1230,PSX,4,1,0.25,0.0336,0.0558,0.0718,64374709738,Energy,False,,,0.25
1231,QTWO,4,1,0.25,0.046,0.0964,0.1055,3321784721,SERVICES-PREPACKAGED SOFTWARE,False,,,0.25
1232,SBGI,4,1,0.25,0.0456,0.0476,0.0494,1042466461,TELEVISION BROADCASTING STATIONS,False,,,0.25
1233,RDN,4,1,0.25,0.0092,0.0216,0.0498,4446750916,SURETY INSURANCE,False,,,0.25
1234,SFD,4,1,0.25,0.0352,0.0512,0.0617,9882853554,MEAT PACKING PLANTS,False,,,0.25
1235,SKM,4,1,0.25,0.0551,0.06,0.0672,12494960138,,False,,,0.25
1236,SU,4,1,0.25,0.0085,0.0257,0.0956,66624839870,,False,,,0.25
1237,TILE,4,1,0.25,0.0378,0.0654,0.0673,1950246607,CARPETS & RUGS,False,,,0.25
1238,USPH,4,1,0.25,0.0283,0.0609,0.0867,1321846105,SERVICES-HEALTH SERVICES,False,,,0.25
1239,TPH,4,1,0.25,0.0247,0.0311,0.0385,3985663655,OPERATIVE BUILDERS,False,,,0.25
1240,TS,4,1,0.25,0.0397,0.0401,0.0629,24529853885,,False,,,0.25
1241,VSH,4,1,0.25,0.0195,0.0517,0.0673,2559908897,ELECTRONIC COMPONENTS & ACCESSORIES,False,,,0.25
1242,VVV,4,1,0.25,0.0399,0.0525,0.0777,4905478775,MISCELLANEOUS PRODUCTS OF PETROLEUM & COAL,False,,,0.25
1243,WBS,4,1,0.25,0.0304,0.06,0.0723,11468723081,NATIONAL COMMERCIAL BANKS,False,,,0.25
1244,WDS,4,1,0.25,0.0663,0.0805,0.0845,35398484662,,False,,,0.25
1245,WHD,4,1,0.25,0.019,0.0593,0.1277,3919068430,OIL & GAS FIELD MACHINERY & EQUIPMENT,False,,,0.25
1246,Z,4,1,0.25,0.0606,0.0769,0.0783,10517099873,"SERVICES-BUSINESS SERVICES, NEC",False,,,0.25
1247,ZG,4,1,0.25,0.0503,0.068,0.068,10480792279,"SERVICES-BUSINESS SERVICES, NEC",False,,,0.25
1248,ZTO,4,1,0.25,0.0688,0.0688,0.0688,18931077008,,False,,,0.25
1249,BL,5,1,0.2,0.0304,0.0617,0.0779,2296780251,SERVICES-PREPACKAGED SOFTWARE,False,,,0.2
1250,BLX,5,1,0.2,0.0534,0.0727,0.0797,1905110270,,False,,,0.2
1251,CAPR,5,1,0.2,0.0132,0.035,0.6472,1221263880,PHARMACEUTICAL PREPARATIONS,False,,,0.2
1252,EPAM,5,1,0.2,0.0736,0.0905,0.1131,9190714356,Software,False,,,0.2
1253,DNOW,5,1,0.2,0.082,0.082,0.082,3050418477,OIL & GAS FIELD MACHINERY & EQUIPMENT,False,,,0.2
1254,FMS,5,1,0.2,0.0385,0.0611,0.0732,14167815502,,False,,,0.2
1255,JBTM,5,1,0.2,0.0497,0.0671,0.0766,8509792451,SPECIAL INDUSTRY MACHINERY (NO METALWORKING MACHINERY),False,,,0.2
1256,LKFN,5,1,0.2,0.015,0.0341,0.041,1548737723,STATE COMMERCIAL BANKS,False,,,0.2
1257,MSEX,5,1,0.2,0.0434,0.0434,0.0434,1015731794,WATER SUPPLY,False,,,0.2
1258,NWE,5,1,0.2,0.0481,0.053,0.0833,4281391511,ELECTRIC & OTHER SERVICES COMBINED,False,,,0.2
1259,PRKS,5,1,0.2,0.0298,0.04,0.047,1852538749,SERVICES-MISCELLANEOUS AMUSEMENT & RECREATION,False,,,0.2
1260,RUM,5,1,0.2,0.0473,0.0603,0.0603,2020864924,"SERVICES-COMPUTER PROGRAMMING, DATA PROCESSING, ETC.",False,,,0.2
1261,STE,5,1,0.2,0.0299,0.0299,0.0629,24356932458,Health Care,False,,,0.2
1262,STEP,5,1,0.2,0.0117,0.0159,0.0621,4548971283,INVESTMENT ADVICE,False,,,0.2
1263,TFIN,5,1,0.2,-0.0095,0.0238,0.0489,1469515278,STATE COMMERCIAL BANKS,False,,,0.2
1264,XIFR,5,1,0.2,0.046,0.0647,0.075,1013896873,ELECTRIC SERVICES,False,,,0.2
1265,CSGP,6,1,0.1667,0.057,0.071,0.071,19067787367,Real Estate,False,,,0.1667
1266,HAFN,6,1,0.1667,0.0653,0.0789,0.0975,3351470290,,False,,,0.1667
1267,NVS,6,1,0.1667,0.0347,0.0497,0.0752,311219538844,,False,,,0.1667
1268,ACI,4,0,0.0,0.0323,0.0323,0.0354,9543366656,RETAIL-GROCERY STORES,False,,,0.0
1269,ACIW,3,0,0.0,0.0373,0.0534,0.0534,4078161517,SERVICES-PREPACKAGED SOFTWARE,False,,,0.0
1270,ADC,3,0,0.0,0.0181,0.0267,0.0267,9371809585,REAL ESTATE INVESTMENT TRUSTS,False,,,0.0
1271,AESI,5,0,0.0,0.0142,0.0142,0.0248,1459270140,CRUDE PETROLEUM & NATURAL GAS,False,,,0.0
1272,AFG,4,0,0.0,0.0306,0.0335,0.0335,10757266900,"FIRE, MARINE & CASUALTY INSURANCE",False,,,0.0
1273,AGNC,3,0,0.0,-0.0026,0.0003,0.0093,12582336000,REAL ESTATE INVESTMENT TRUSTS,False,,,0.0
1274,AI,3,0,0.0,-0.0038,0.0325,0.0325,1517320369,SERVICES-PREPACKAGED SOFTWARE,False,,,0.0
1275,AIZ,3,0,0.0,0.0318,0.0554,0.0574,10891639802,Financials,False,,,0.0
1276,ALL,3,0,0.0,0.0206,0.0321,0.0363,53973351000,Financials,False,,,0.0
1277,ARCO,3,0,0.0,0.0155,0.0209,0.03,1761143156,,False,,,0.0
1278,ARLP,3,0,0.0,0.0344,0.0344,0.0344,3316011579,BITUMINOUS COAL & LIGNITE SURFACE MINING,False,,,0.0
1279,ATS,3,0,0.0,0.0068,0.0332,0.0695,3022921204,,False,,,0.0
1280,AUR,3,0,0.0,0.0141,0.0579,0.0579,8730683324,SERVICES-COMPUTER INTEGRATED SYSTEMS DESIGN,False,,,0.0
1281,ENPH,3,0,0.0,0.0277,0.0277,0.0277,5691088744,Semiconductors,True,,,0.0
1282,AVNT,3,0,0.0,0.023,0.023,0.023,3914345097,"PLASTIC MATERIALS, SYNTH RESINS & NONVULCAN ELASTOMERS",False,,,0.0
1283,BF.B,3,0,0.0,0.0566,0.0591,0.0591,13873123117,Consumer Staples,False,,,0.0
1284,BLK,3,0,0.0,-0.0017,0.0192,0.0275,166191201000,Financials,False,,,0.0
1285,BMRN,3,0,0.0,0.0189,0.0218,0.0218,11501885775,PHARMACEUTICAL PREPARATIONS,False,,,0.0
1286,BR,3,0,0.0,0.0115,0.0121,0.0156,20279251795,Software,False,,,0.0
1287,BROS,4,0,0.0,0.0362,0.0598,0.0598,6759282748,RETAIL-EATING & DRINKING PLACES,False,,,0.0
1288,BRZE,4,0,0.0,-0.0068,-0.0033,-0.0033,2158428800,SERVICES-PREPACKAGED SOFTWARE,False,,,0.0
1289,CNA,6,0,0.0,0.025,0.0269,0.0269,13179086433,"FIRE, MARINE & CASUALTY INSURANCE",False,,,0.0
1290,CACC,4,0,0.0,0.0073,0.0073,0.0073,5168975609,PERSONAL CREDIT INSTITUTIONS,False,,,0.0
1291,CATY,3,0,0.0,-0.0051,0.0317,0.0375,3583782719,STATE COMMERCIAL BANKS,False,,,0.0
1292,CHRD,3,0,0.0,0.0416,0.057,0.057,5801397906,CRUDE PETROLEUM & NATURAL GAS,False,,,0.0
1293,CMG,3,0,0.0,0.035,0.035,0.035,47277954900,Consumer Discretionary,False,,,0.0
1294,COLB,3,0,0.0,0.0261,0.0261,0.0261,9302838780,STATE COMMERCIAL BANKS,False,,,0.0
1295,CPK,4,0,0.0,0.0352,0.0419,0.0423,3207032750,NATURAL GAS TRANSMISSION & DISTRIBUTION,False,,,0.0
1296,CPRX,3,0,0.0,0.0396,0.0515,0.0704,2990458375,PHARMACEUTICAL PREPARATIONS,False,,,0.0
1297,CRAI,5,0,0.0,0.0181,0.0312,0.0342,1018594307,SERVICES-LEGAL SERVICES,False,,,0.0
1298,CSGS,3,0,0.0,0.036,0.0616,0.0682,2259954200,SERVICES-COMPUTER PROCESSING & DATA PREPARATION,False,,,0.0
1299,CSX,3,0,0.0,0.0257,0.0257,0.0351,76000086375,Industrials,False,,,0.0
1300,CWT,3,0,0.0,0.0361,0.049,0.049,2774572836,WATER SUPPLY,False,,,0.0
1301,EPR,5,0,0.0,0.0303,0.0428,0.0442,4453448545,REAL ESTATE INVESTMENT TRUSTS,False,,,0.0
1302,DECK,4,0,0.0,-0.036,-0.036,-0.0242,16427870143,Consumer Discretionary,False,,,0.0
1303,DEO,3,0,0.0,0.024,0.0435,0.0435,55124603573,,False,,,0.0
1304,DRVN,3,0,0.0,0.0143,0.0143,0.0253,2769409031,"SERVICES-AUTOMOTIVE REPAIR, SERVICES & PARKING",False,,,0.0
1305,DT,3,0,0.0,0.0232,0.0394,0.0394,11094941440,SERVICES-PREPACKAGED SOFTWARE,False,,,0.0
1306,DVN,3,0,0.0,0.0452,0.0516,0.0595,27701004531,Energy,False,,,0.0
1307,EDU,3,0,0.0,0.0177,0.0546,0.0595,9341855348,,False,,,0.0
1308,EE,3,0,0.0,0.028,0.0343,0.0396,1339280869,NATURAL GAS DISTRIBUTION,False,,,0.0
1309,EFC,3,0,0.0,-0.0108,-0.0108,-0.0067,1612958357,REAL ESTATE,False,,,0.0
1310,FMC,3,0,0.0,0.0455,0.0455,0.0455,1791353760,CHEMICALS & ALLIED PRODUCTS,False,,,0.0
1311,EPC,3,0,0.0,0.0381,0.0381,0.0381,1022626483,"PERFUMES, COSMETICS & OTHER TOILET PREPARATIONS",False,,,0.0
1312,ERIC,3,0,0.0,0.0611,0.0611,0.0692,36900178511,,False,,,0.0
1313,EXP,3,0,0.0,0.0495,0.0627,0.0627,7390009965,"CEMENT, HYDRAULIC",False,,,0.0
1314,FE,3,0,0.0,0.0071,0.0276,0.0312,28941044305,Utilities,False,,,0.0
1315,FLG,3,0,0.0,0.046,0.046,0.046,5898625270,"SAVINGS INSTITUTIONS, NOT FEDERALLY CHARTERED",False,,,0.0
1316,FLNG,3,0,0.0,0.0808,0.0943,0.0945,1405860852,,False,,,0.0
1317,FSUN,4,0,0.0,0.0302,0.0394,0.0458,1092904737,NATIONAL COMMERCIAL BANKS,False,,,0.0
1318,FUN,3,0,0.0,0.0167,0.0167,0.0167,1613442149,SERVICES-AMUSEMENT & RECREATION SERVICES,False,,,0.0
1319,GBCI,3,0,0.0,0.0153,0.0509,0.0608,6666249108,STATE COMMERCIAL BANKS,False,,,0.0
1320,GFF,4,0,0.0,0.0125,0.017,0.0253,4359810592,"METAL DOORS, SASH, FRAMES, MOLDINGS & TRIM",False,,,0.0
1321,GIII,4,0,0.0,0.0268,0.0315,0.0558,1272007003,APPAREL & OTHER FINISHD PRODS OF FABRICS & SIMILAR MATL,False,,,0.0
1322,GLNG,4,0,0.0,0.0062,0.0214,0.0439,4447734720,,False,,,0.0
1323,GNL,4,0,0.0,0.0255,0.0255,0.0273,2159434658,REAL ESTATE INVESTMENT TRUSTS,False,,,0.0
1324,GOLF,4,0,0.0,0.0052,0.028,0.0511,5840321915,"SPORTING & ATHLETIC GOODS, NEC",False,,,0.0
1325,GPC,3,0,0.0,0.0431,0.0513,0.0515,20471501180,Consumer Discretionary,False,,,0.0
1326,HIW,3,0,0.0,0.0225,0.0239,0.0427,2541606939,REAL ESTATE INVESTMENT TRUSTS,False,,,0.0
1327,HMN,4,0,0.0,0.0409,0.0561,0.0593,1731959087,"FIRE, MARINE & CASUALTY INSURANCE",False,,,0.0
1328,HUN,3,0,0.0,-0.0145,-0.0134,-0.0134,2295251053,CHEMICALS & ALLIED PRODUCTS,False,,,0.0
1329,KDP,3,0,0.0,-0.0186,0.0159,0.0159,40336332981,Consumer Staples,False,,,0.0
1330,IDA,3,0,0.0,0.0294,0.0313,0.0313,7796564014,ELECTRIC SERVICES,False,,,0.0
1331,IEP,4,0,0.0,0.0058,0.0058,0.0058,4837680647,PETROLEUM REFINING,False,,,0.0
1332,IIPR,3,0,0.0,0.0098,0.0098,0.0155,1287095241,REAL ESTATE,False,,,0.0
1333,INDB,3,0,0.0,0.0061,0.0365,0.0513,4068412397,STATE COMMERCIAL BANKS,False,,,0.0
1334,IRM,3,0,0.0,0.0406,0.0555,0.0555,32491580674,Real Estate,False,,,0.0
1335,KBR,3,0,0.0,0.0324,0.0324,0.0324,5244671636,HEAVY CONSTRUCTION OTHER THAN BLDG CONST - CONTRACTORS,False,,,0.0
1336,KSPI,3,0,0.0,0.0406,0.0406,0.0406,13984505462,,False,,,0.0
1337,LII,3,0,0.0,0.0213,0.0213,0.0292,19717181732,Industrials,False,,,0.0
1338,LPLA,3,0,0.0,0.0044,0.012,0.0328,26796373858,"SECURITY & COMMODITY BROKERS, DEALERS, EXCHANGES & SERVICES",False,,,0.0
1339,MTN,3,0,0.0,0.0248,0.0482,0.0493,4805375234,SERVICES-MISCELLANEOUS AMUSEMENT & RECREATION,False,,,0.0
1340,NRP,4,0,0.0,0.0129,0.0224,0.0431,1647648744,BITUMINOUS COAL & LIGNITE SURFACE MINING,False,,,0.0
1341,MMI,3,0,0.0,0.0225,0.0236,0.0311,1006149313,REAL ESTATE AGENTS & MANAGERS (FOR OTHERS),False,,,0.0
1342,MMM,3,0,0.0,0.0246,0.0285,0.03,90497594000,Industrials,False,,,0.0
1343,MMSI,3,0,0.0,0.0122,0.0261,0.0266,4841641651,SURGICAL & MEDICAL INSTRUMENTS & APPARATUS,False,,,0.0
1344,NSA,4,0,0.0,0.0024,0.0072,0.0156,2575876871,REAL ESTATE INVESTMENT TRUSTS,False,,,0.0
1345,NWL,3,0,0.0,0.0295,0.0412,0.0637,1970240000,"PLASTICS PRODUCTS, NEC",False,,,0.0
1346,NWN,3,0,0.0,0.0363,0.0423,0.0423,2089879564,NATURAL GAS DISTRIBUTION,False,,,0.0
1347,MSI,4,0,0.0,0.0286,0.0348,0.0348,76494659205,Technology,False,,,0.0
1348,NHI,3,0,0.0,0.0308,0.0365,0.0376,4254594613,REAL ESTATE INVESTMENT TRUSTS,False,,,0.0
1349,NVO,3,0,0.0,0.0452,0.0452,0.0452,220423745530,,False,,,0.0
1350,UA,4,0,0.0,0.0094,0.0267,0.0419,2968453306,APPAREL & OTHER FINISHD PRODS OF FABRICS & SIMILAR MATL,False,,,0.0
1351,PEP,3,0,0.0,0.0193,0.0234,0.0246,226781743854,Consumer Staples,False,,,0.0
1352,PFS,3,0,0.0,0.0149,0.0446,0.06,2999034029,"SAVINGS INSTITUTION, FEDERALLY CHARTERED",False,,,0.0
1353,OC,3,0,0.0,0.0309,0.0309,0.0309,11029309456,"ABRASIVE, ASBESTOS & MISC NONMETALLIC MINERAL PRODS",False,,,0.0
1354,OCFC,4,0,0.0,-0.0029,0.0252,0.0255,1123707341,NATIONAL COMMERCIAL BANKS,False,,,0.0
1355,OHI,5,0,0.0,0.0597,0.0654,0.0692,14010018000,REAL ESTATE INVESTMENT TRUSTS,False,,,0.0
1356,ONB,3,0,0.0,0.0184,0.0273,0.036,9651927740,NATIONAL COMMERCIAL BANKS,False,,,0.0
1357,OTTR,4,0,0.0,0.0117,0.012,0.0255,3694390643,ELECTRIC SERVICES,False,,,0.0
1358,PHG,3,0,0.0,0.0047,0.008,0.0216,29727781250,,False,,,0.0
1359,POST,3,0,0.0,0.0171,0.0217,0.0217,5366356744,GRAIN MILL PRODUCTS,False,,,0.0
1360,POWI,3,0,0.0,-0.0195,-0.011,-0.011,2620343840,SEMICONDUCTORS & RELATED DEVICES,False,,,0.0
1361,PPL,3,0,0.0,0.0518,0.0518,0.0518,27976935674,Utilities,False,,,0.0
1362,PRGS,3,0,0.0,0.0102,0.0215,0.0301,1538411561,SERVICES-PREPACKAGED SOFTWARE,False,,,0.0
1363,PSO,4,0,0.0,0.0325,0.0343,0.0343,7937571271,,False,,,0.0
1364,REYN,3,0,0.0,0.0549,0.0549,0.0549,4991452631,"PLASTICS, FOIL & COATED PAPER BAGS",False,,,0.0
1365,RNR,3,0,0.0,0.0233,0.0325,0.0534,13106252203,"FIRE, MARINE & CASUALTY INSURANCE",False,,,0.0
1366,ROP,5,0,0.0,0.0116,0.02,0.02,34262306000,Technology,False,,,0.0
1367,S,3,0,0.0,-0.0038,-0.0038,-0.0038,4713982946,SERVICES-PREPACKAGED SOFTWARE,False,,,0.0
1368,SAFT,3,0,0.0,0.0153,0.0468,0.059,1181545303,"FIRE, MARINE & CASUALTY INSURANCE",False,,,0.0
1369,SAIL,3,0,0.0,0.0606,0.0606,0.0606,8941082099,SERVICES-PREPACKAGED SOFTWARE,False,,,0.0
1370,SBRA,5,0,0.0,0.0196,0.0281,0.0373,5085779111,REAL ESTATE INVESTMENT TRUSTS,False,,,0.0
1371,SHEL,3,0,0.0,0.0411,0.0493,0.0536,222392297346,,False,,,0.0
1372,SJM,4,0,0.0,0.0362,0.0367,0.0367,11792923963,Consumer Staples,False,,,0.0
1373,SMFG,3,0,0.0,0.0506,0.0506,0.0654,151463933194,,False,,,0.0
1374,SOBO,3,0,0.0,0.0114,0.0408,0.0517,6307908008,,False,,,0.0
1375,TMUS,3,0,0.0,0.0424,0.0424,0.0424,241858871210,Communication Services,False,,,0.0
1376,SSB,3,0,0.0,0.0058,0.0344,0.0395,10321278418,STATE COMMERCIAL BANKS,False,,,0.0
1377,STGW,4,0,0.0,0.0414,0.0414,0.0414,1242942947,SERVICES-ADVERTISING AGENCIES,False,,,0.0
1378,SYY,3,0,0.0,0.0208,0.0221,0.0261,43371959573,Consumer Staples,False,,,0.0
1379,TAK,3,0,0.0,0.0342,0.0387,0.0433,58318699494,,False,,,0.0
1380,TFX,3,0,0.0,0.0527,0.0527,0.0542,4585169830,SURGICAL & MEDICAL INSTRUMENTS & APPARATUS,False,,,0.0
1381,TKC,4,0,0.0,0.0155,0.0188,0.0188,6143472930,,False,,,0.0
1382,TPL,3,0,0.0,0.0344,0.0359,0.0451,29802686211,Energy,False,,,0.0
1383,TTAM,4,0,0.0,0.0458,0.0501,0.0599,3427298224,,False,,,0.0
1384,TTE,3,0,0.0,0.0249,0.0249,0.0306,164490712448,,False,,,0.0
1385,TXRH,3,0,0.0,0.0334,0.0334,0.0791,11965825691,RETAIL-EATING PLACES,False,,,0.0
1386,TYL,3,0,0.0,0.0138,0.0212,0.0234,13077847648,Software,False,,,0.0
1387,WKC,3,0,0.0,0.0122,0.0122,0.0122,1488419528,WHOLESALE-PETROLEUM & PETROLEUM PRODUCTS (NO BULK STATIONS),False,,,0.0
1388,WSC,3,0,0.0,0.015,0.0309,0.0417,3933665796,SERVICES-MISCELLANEOUS EQUIPMENT RENTAL & LEASING,False,,,0.0
1389,WSFS,3,0,0.0,0.0069,0.0311,0.0311,3567788000,NATIONAL COMMERCIAL BANKS,False,,,0.0
1390,VCTR,3,0,0.0,0.0349,0.0349,0.0349,4794535498,INVESTMENT ADVICE,False,,,0.0
1391,VNO,3,0,0.0,0.0258,0.0401,0.0626,5699017709,REAL ESTATE INVESTMENT TRUSTS,False,,,0.0
1392,VTR,3,0,0.0,0.0569,0.0641,0.0838,40486035693,Real Estate,False,,,0.0
1393,VZ,4,0,0.0,0.0431,0.0431,0.0431,206675170000,Communication Services,False,,,0.0
1394,WAL,4,0,0.0,0.0122,0.0413,0.0475,10205400000,STATE COMMERCIAL BANKS,False,,,0.0
1395,WU,4,0,0.0,0.025,0.0522,0.0522,3051311088,"SERVICES-BUSINESS SERVICES, NEC",False,,,0.0
1396,XEL,3,0,0.0,0.0079,0.0158,0.018,48263730079,Utilities,False,,,0.0
1397,XOM,3,0,0.0,0.0278,0.0278,0.0278,620372550000,Energy,False,,,0.0
1398,XPO,3,0,0.0,0.0384,0.0754,0.0869,22882393242,TRANSPORTATION SERVICES,False,,,0.0
1399,YMM,3,0,0.0,0.0371,0.0402,0.0549,9915076949,,False,,,0.0
1400,ZBH,3,0,0.0,0.0549,0.0549,0.0549,19114610979,Health Care,False,,,0.0
